epsilon;theta;gamma;mean_gap_over_instances;sd_gap_over_instances;mean_time_over_instances
0.05;0.7;2.5;0.0149346;0.634019;2.27825
0.05;0.7;5;0.0268268;0.643509;2.32132
0.05;0.7;10;0.0241158;0.639325;2.31264
0.05;0.8;2.5;0.0343297;0.640816;2.20616
0.05;0.8;5;0.0488335;0.629445;2.17119
0.05;0.8;10;0.0384001;0.630448;2.26405
0.05;0.9;2.5;0.0242748;0.640157;2.09402
0.05;0.9;5;0.0335616;0.706929;2.18009
0.05;0.9;10;0.0422812;0.651523;2.12406
0.1;0.7;2.5;0.0540123;0.636672;2.17385
0.1;0.7;5;0.0442697;0.685929;2.19244
0.1;0.7;10;0.0131939;0.700564;2.21641
0.1;0.8;2.5;0.0374181;0.614556;2.25445
0.1;0.8;5;0.0265339;0.608983;2.23442
0.1;0.8;10;0.0249732;0.642307;2.23663
0.1;0.9;2.5;0.0228986;0.666167;2.26035
0.1;0.9;5;0.0186117;0.619502;2.17369
0.1;0.9;10;0.0190896;0.664476;2.22559
0.2;0.7;2.5;0.034759;0.637961;2.26687
0.2;0.7;5;0.0555024;0.645668;2.10942
0.2;0.7;10;0.0458426;0.607094;2.1627
0.2;0.8;2.5;0.0444408;0.603431;2.15443
0.2;0.8;5;0.0328876;0.632387;2.16978
0.2;0.8;10;0.0484753;0.638158;2.1531
0.2;0.9;2.5;0.0194979;0.629438;2.2237
0.2;0.9;5;0.0493362;0.614607;2.13834
0.2;0.9;10;0.00994575;0.618899;2.25011
