epsilon;theta;gamma;instance;mean_gap;sd_gap;mean_time
0.05;0.7;2.5;20.1.1.1.txt;-0.728745;0.66525;0.440786
0.05;0.7;2.5;20.1.1.2.txt;0;0;0.314224
0.05;0.7;2.5;20.1.1.3.txt;0;0;0.255828
0.05;0.7;2.5;20.1.2.1.txt;0;0;0.437727
0.05;0.7;2.5;20.1.2.2.txt;0;0;0.387007
0.05;0.7;2.5;20.1.2.3.txt;0;0;0.339125
0.05;0.7;2.5;20.1.3.1.txt;0;0;0.505377
0.05;0.7;2.5;20.1.3.2.txt;1.89274;0;0.496088
0.05;0.7;2.5;20.1.3.3.txt;0;0;0.40383
0.05;0.7;2.5;20.2.1.1.txt;0;0;0.331243
0.05;0.7;2.5;20.2.1.2.txt;0;0;0.363363
0.05;0.7;2.5;20.2.1.3.txt;0;0;0.295886
0.05;0.7;2.5;20.2.2.1.txt;-0.257732;0;0.510732
0.05;0.7;2.5;20.2.2.2.txt;-0.0952381;0.319438;0.483612
0.05;0.7;2.5;20.2.2.3.txt;0;0;0.503071
0.05;0.7;2.5;20.2.3.1.txt;-0.45283;0.16876;0.446351
0.05;0.7;2.5;20.2.3.2.txt;-0.150943;0.33752;0.540206
0.05;0.7;2.5;20.2.3.3.txt;0;0;0.395713
0.05;0.7;2.5;20.3.1.1.txt;-1.35501;0;0.463686
0.05;0.7;2.5;20.3.1.2.txt;0;0;0.360879
0.05;0.7;2.5;20.3.1.3.txt;-0.358423;0;0.326445
0.05;0.7;2.5;20.3.2.1.txt;0;0;0.00245226
0.05;0.7;2.5;20.3.2.2.txt;0;0;0.0146655
0.05;0.7;2.5;20.3.2.3.txt;-0.2331;3.10317e-17;0.0692995
0.05;0.7;2.5;20.3.3.1.txt;0;0;0.00087286
0.05;0.7;2.5;20.3.3.2.txt;0;0;0.00013554
0.05;0.7;2.5;20.3.3.3.txt;0;0;0.00091724
0.05;0.7;2.5;50.1.1.1.txt;-0.4914;6.20634e-17;1.31161
0.05;0.7;2.5;50.1.1.2.txt;0;0;1.06229
0.05;0.7;2.5;50.1.1.3.txt;0;0;0.691732
0.05;0.7;2.5;50.1.2.1.txt;0;0;1.53026
0.05;0.7;2.5;50.1.2.2.txt;0;0;1.2054
0.05;0.7;2.5;50.1.2.3.txt;0;0;1.07367
0.05;0.7;2.5;50.1.3.1.txt;0;0;2.1753
0.05;0.7;2.5;50.1.3.2.txt;0;0;2.49843
0.05;0.7;2.5;50.1.3.3.txt;-0.566572;0;1.34793
0.05;0.7;2.5;50.2.1.1.txt;-1.24294;0.937846;1.33772
0.05;0.7;2.5;50.2.1.2.txt;0;0;1.13107
0.05;0.7;2.5;50.2.1.3.txt;0;0;0.837942
0.05;0.7;2.5;50.2.2.1.txt;0;0;2.26448
0.05;0.7;2.5;50.2.2.2.txt;-1.23894;0;1.42113
0.05;0.7;2.5;50.2.2.3.txt;0.502693;0.688341;1.50994
0.05;0.7;2.5;50.2.3.1.txt;0;0;2.77844
0.05;0.7;2.5;50.2.3.2.txt;0.185529;0;1.79245
0.05;0.7;2.5;50.2.3.3.txt;-0.410256;0.374511;1.98423
0.05;0.7;2.5;50.3.1.1.txt;-0.291734;0.0724819;1.42234
0.05;0.7;2.5;50.3.1.2.txt;-1.5625;0;1.50993
0.05;0.7;2.5;50.3.1.3.txt;-0.582822;0.274364;1.29248
0.05;0.7;2.5;50.3.2.1.txt;0.0293686;0.0656701;2.12846
0.05;0.7;2.5;50.3.2.2.txt;0.491132;0.614673;2.04829
0.05;0.7;2.5;50.3.2.3.txt;-1.02719;0.0675549;1.74209
0.05;0.7;2.5;50.3.3.1.txt;0.946565;0.0682769;3.22193
0.05;0.7;2.5;50.3.3.2.txt;-0.533333;0.462481;2.31291
0.05;0.7;2.5;50.3.3.3.txt;-0.308087;0.172226;1.66968
0.05;0.7;2.5;100.1.1.1.txt;1.18577;0.968178;6.06316
0.05;0.7;2.5;100.1.1.2.txt;0;0;2.42696
0.05;0.7;2.5;100.1.1.3.txt;0;0.638371;2.4841
0.05;0.7;2.5;100.1.2.1.txt;0.389105;0;4.62726
0.05;0.7;2.5;100.1.2.2.txt;0.627615;0.572932;3.74621
0.05;0.7;2.5;100.1.2.3.txt;0.117417;0.428746;3.61214
0.05;0.7;2.5;100.1.3.1.txt;0.143885;0.197023;8.70033
0.05;0.7;2.5;100.1.3.2.txt;0.679406;0.0949498;4.36123
0.05;0.7;2.5;100.1.3.3.txt;1.70732;0.111326;4.85037
0.05;0.7;2.5;100.2.1.1.txt;0;0.369598;3.89704
0.05;0.7;2.5;100.2.1.2.txt;-0.212766;0.396304;3.61808
0.05;0.7;2.5;100.2.1.3.txt;-0.157729;0;2.27896
0.05;0.7;2.5;100.2.2.1.txt;1.02564;0.211288;5.41235
0.05;0.7;2.5;100.2.2.2.txt;1.64223;0.160622;4.60322
0.05;0.7;2.5;100.2.2.3.txt;0.13587;0;2.86899
0.05;0.7;2.5;100.2.3.1.txt;0.630137;0.439639;7.67936
0.05;0.7;2.5;100.2.3.2.txt;-0.420757;0.242924;6.00013
0.05;0.7;2.5;100.2.3.3.txt;0.188976;0.681;4.236
0.05;0.7;2.5;100.3.1.1.txt;-1.66253;0.435128;5.18422
0.05;0.7;2.5;100.3.1.2.txt;0.0726392;0.202581;4.19103
0.05;0.7;2.5;100.3.1.3.txt;0.496278;0.503973;3.35166
0.05;0.7;2.5;100.3.2.1.txt;0.266667;0.359706;7.14153
0.05;0.7;2.5;100.3.2.2.txt;0.319149;0.759726;4.51527
0.05;0.7;2.5;100.3.2.3.txt;-0.299786;0.287289;3.87195
0.05;0.7;2.5;100.3.3.1.txt;1.70022;0.483708;7.16371
0.05;0.7;2.5;100.3.3.2.txt;0.474716;0.201172;6.0055
0.05;0.7;2.5;100.3.3.3.txt;0;0.330437;7.65543
0.05;0.7;5;20.1.1.1.txt;-1.21457;0;0.488242
0.05;0.7;5;20.1.1.2.txt;0;0;0.319869
0.05;0.7;5;20.1.1.3.txt;0;0;0.265842
0.05;0.7;5;20.1.2.1.txt;0;0;0.44035
0.05;0.7;5;20.1.2.2.txt;0;0;0.382378
0.05;0.7;5;20.1.2.3.txt;0;0;0.331332
0.05;0.7;5;20.1.3.1.txt;0;0;0.491705
0.05;0.7;5;20.1.3.2.txt;1.89274;0;0.491477
0.05;0.7;5;20.1.3.3.txt;0;0;0.38245
0.05;0.7;5;20.2.1.1.txt;0;0;0.322798
0.05;0.7;5;20.2.1.2.txt;0;0;0.360539
0.05;0.7;5;20.2.1.3.txt;0;0;0.29059
0.05;0.7;5;20.2.2.1.txt;-0.257732;0;0.540896
0.05;0.7;5;20.2.2.2.txt;-0.238095;3.10317e-17;0.428257
0.05;0.7;5;20.2.2.3.txt;0;0;0.446873
0.05;0.7;5;20.2.3.1.txt;-0.45283;0.16876;0.389283
0.05;0.7;5;20.2.3.2.txt;-0.301887;0.413376;0.547572
0.05;0.7;5;20.2.3.3.txt;0;0;0.40684
0.05;0.7;5;20.3.1.1.txt;-1.24661;0.242392;0.443729
0.05;0.7;5;20.3.1.2.txt;0;0;0.392138
0.05;0.7;5;20.3.1.3.txt;-0.358423;0;0.304919
0.05;0.7;5;20.3.2.1.txt;0;0;0.00283496
0.05;0.7;5;20.3.2.2.txt;0;0;0.0281062
0.05;0.7;5;20.3.2.3.txt;-0.2331;3.10317e-17;0.0338788
0.05;0.7;5;20.3.3.1.txt;0;0;0.0016293
0.05;0.7;5;20.3.3.2.txt;0;0;0.00020774
0.05;0.7;5;20.3.3.3.txt;0;0;0.0010108
0.05;0.7;5;50.1.1.1.txt;-0.4914;6.20634e-17;1.29626
0.05;0.7;5;50.1.1.2.txt;0;0;1.01837
0.05;0.7;5;50.1.1.3.txt;0;0;0.675021
0.05;0.7;5;50.1.2.1.txt;0;0;1.56224
0.05;0.7;5;50.1.2.2.txt;0;0;1.1528
0.05;0.7;5;50.1.2.3.txt;0;0;1.00632
0.05;0.7;5;50.1.3.1.txt;0;0;2.0068
0.05;0.7;5;50.1.3.2.txt;0;0;2.11502
0.05;0.7;5;50.1.3.3.txt;-0.566572;0;1.31748
0.05;0.7;5;50.2.1.1.txt;-0.564972;0;1.59112
0.05;0.7;5;50.2.1.2.txt;0;0;1.20543
0.05;0.7;5;50.2.1.3.txt;-0.0941176;0.210453;0.981735
0.05;0.7;5;50.2.2.1.txt;0;0;1.84158
0.05;0.7;5;50.2.2.2.txt;-1.23894;0;1.9289
0.05;0.7;5;50.2.2.3.txt;0.502693;0.688341;1.42264
0.05;0.7;5;50.2.3.1.txt;0;0;2.88026
0.05;0.7;5;50.2.3.2.txt;-0.0742115;0.361662;1.92373
0.05;0.7;5;50.2.3.3.txt;-0.410256;0.374511;1.94031
0.05;0.7;5;50.3.1.1.txt;-0.388979;0.0887719;1.58741
0.05;0.7;5;50.3.1.2.txt;-1.5625;0;1.43374
0.05;0.7;5;50.3.1.3.txt;-0.460123;0.216904;1.23893
0.05;0.7;5;50.3.2.1.txt;0.0293686;0.0656701;1.69343
0.05;0.7;5;50.3.2.2.txt;0.300136;0.557512;2.09968
0.05;0.7;5;50.3.2.3.txt;-0.845921;0.252767;1.52409
0.05;0.7;5;50.3.3.1.txt;0.916031;0;2.5999
0.05;0.7;5;50.3.3.2.txt;-0.433333;0.252763;2.3606
0.05;0.7;5;50.3.3.3.txt;-0.231065;0.210933;1.85215
0.05;0.7;5;100.1.1.1.txt;2.13439;0.353529;5.08438
0.05;0.7;5;100.1.1.2.txt;0;0;2.37124
0.05;0.7;5;100.1.1.3.txt;-0.27972;0.195026;2.54165
0.05;0.7;5;100.1.2.1.txt;0.389105;0;5.4675
0.05;0.7;5;100.1.2.2.txt;1.04603;0;3.78704
0.05;0.7;5;100.1.2.3.txt;0.313112;0.471295;4.94525
0.05;0.7;5;100.1.3.1.txt;0.251799;0.160868;7.2904
0.05;0.7;5;100.1.3.2.txt;0.636943;0;5.03999
0.05;0.7;5;100.1.3.3.txt;1.74797;0.111326;4.48987
0.05;0.7;5;100.2.1.1.txt;-0.132231;0.0739196;3.34443
0.05;0.7;5;100.2.1.2.txt;-0.547112;0.829626;3.78048
0.05;0.7;5;100.2.1.3.txt;-0.0946372;0.141077;2.22066
0.05;0.7;5;100.2.2.1.txt;0.940171;0.162418;5.40146
0.05;0.7;5;100.2.2.2.txt;1.52493;0.0803112;4.47704
0.05;0.7;5;100.2.2.3.txt;-0.13587;0.418778;3.35852
0.05;0.7;5;100.2.3.1.txt;0.493151;0.284061;8.89434
0.05;0.7;5;100.2.3.2.txt;-0.364656;0.404063;6.17103
0.05;0.7;5;100.2.3.3.txt;0.15748;0.334066;6.22722
0.05;0.7;5;100.3.1.1.txt;-1.16625;0.443884;3.57211
0.05;0.7;5;100.3.1.2.txt;0.0726392;0.138036;4.32875
0.05;0.7;5;100.3.1.3.txt;0.669975;0.585892;3.02382
0.05;0.7;5;100.3.2.1.txt;0.225641;0.302521;5.61502
0.05;0.7;5;100.3.2.2.txt;0.404255;0.407879;5.81117
0.05;0.7;5;100.3.2.3.txt;-0.321199;0.200303;4.64167
0.05;0.7;5;100.3.3.1.txt;1.61074;0.231951;7.99617
0.05;0.7;5;100.3.3.2.txt;0.474716;0.187471;7.69372
0.05;0.7;5;100.3.3.3.txt;0.14629;0.579914;7.66023
0.05;0.7;10;20.1.1.1.txt;-0.48583;0.66525;0.346274
0.05;0.7;10;20.1.1.2.txt;0;0;0.323721
0.05;0.7;10;20.1.1.3.txt;0;0;0.263005
0.05;0.7;10;20.1.2.1.txt;0;0;0.447297
0.05;0.7;10;20.1.2.2.txt;0;0;0.409423
0.05;0.7;10;20.1.2.3.txt;0;0;0.335468
0.05;0.7;10;20.1.3.1.txt;0;0;0.506776
0.05;0.7;10;20.1.3.2.txt;1.89274;0;0.501207
0.05;0.7;10;20.1.3.3.txt;0;0;0.394553
0.05;0.7;10;20.2.1.1.txt;0;0;0.323077
0.05;0.7;10;20.2.1.2.txt;0;0;0.357938
0.05;0.7;10;20.2.1.3.txt;0;0;0.290253
0.05;0.7;10;20.2.2.1.txt;-0.257732;0;0.49146
0.05;0.7;10;20.2.2.2.txt;-0.238095;3.10317e-17;0.564146
0.05;0.7;10;20.2.2.3.txt;0.577617;1.29159;0.454496
0.05;0.7;10;20.2.3.1.txt;-0.377358;0;0.470792
0.05;0.7;10;20.2.3.2.txt;-0.150943;0.33752;0.492902
0.05;0.7;10;20.2.3.3.txt;0;0;0.419128
0.05;0.7;10;20.3.1.1.txt;-1.02981;0.296869;0.426329
0.05;0.7;10;20.3.1.2.txt;0;0;0.366148
0.05;0.7;10;20.3.1.3.txt;-0.358423;0;0.315961
0.05;0.7;10;20.3.2.1.txt;0;0;0.00102006
0.05;0.7;10;20.3.2.2.txt;0;0;0.0175758
0.05;0.7;10;20.3.2.3.txt;-0.2331;3.10317e-17;0.0735319
0.05;0.7;10;20.3.3.1.txt;0;0;0.0010814
0.05;0.7;10;20.3.3.2.txt;0;0;0.0001402
0.05;0.7;10;20.3.3.3.txt;0;0;0.00093248
0.05;0.7;10;50.1.1.1.txt;-0.4914;6.20634e-17;1.33578
0.05;0.7;10;50.1.1.2.txt;0;0;1.0612
0.05;0.7;10;50.1.1.3.txt;0;0;0.701894
0.05;0.7;10;50.1.2.1.txt;0;0;1.53682
0.05;0.7;10;50.1.2.2.txt;0;0;1.16676
0.05;0.7;10;50.1.2.3.txt;0;0;1.09083
0.05;0.7;10;50.1.3.1.txt;0;0;2.08029
0.05;0.7;10;50.1.3.2.txt;0;0;1.90617
0.05;0.7;10;50.1.3.3.txt;-0.566572;0;1.34663
0.05;0.7;10;50.2.1.1.txt;-1.69492;0.883317;2.11992
0.05;0.7;10;50.2.1.2.txt;0;0;1.19647
0.05;0.7;10;50.2.1.3.txt;0;0;0.882216
0.05;0.7;10;50.2.2.1.txt;0;0;2.09603
0.05;0.7;10;50.2.2.2.txt;-1.23894;0;1.44549
0.05;0.7;10;50.2.2.3.txt;0;0;1.25075
0.05;0.7;10;50.2.3.1.txt;0;0;3.20918
0.05;0.7;10;50.2.3.2.txt;0.0742115;0.248913;1.81774
0.05;0.7;10;50.2.3.3.txt;-0.136752;0.305787;1.52248
0.05;0.7;10;50.3.1.1.txt;-0.194489;0.386948;1.69779
0.05;0.7;10;50.3.1.2.txt;-1.36364;0.444673;1.44803
0.05;0.7;10;50.3.1.3.txt;-0.582822;0.274364;1.45874
0.05;0.7;10;50.3.2.1.txt;0;0;1.97005
0.05;0.7;10;50.3.2.2.txt;0.136426;0.554164;2.05125
0.05;0.7;10;50.3.2.3.txt;-0.876133;0.126384;1.21946
0.05;0.7;10;50.3.3.1.txt;0.946565;0.0682769;3.36207
0.05;0.7;10;50.3.3.2.txt;-0.333333;0.204124;2.63278
0.05;0.7;10;50.3.3.3.txt;-0.154044;0.210933;1.71896
0.05;0.7;10;100.1.1.1.txt;2.01581;0.428448;4.55792
0.05;0.7;10;100.1.1.2.txt;0;0;2.43227
0.05;0.7;10;100.1.1.3.txt;-0.27972;0.255349;2.61423
0.05;0.7;10;100.1.2.1.txt;0.389105;0;4.52399
0.05;0.7;10;100.1.2.2.txt;0.83682;0.467797;3.52277
0.05;0.7;10;100.1.2.3.txt;0.313112;0.471295;4.4944
0.05;0.7;10;100.1.3.1.txt;0.0719424;0.160868;10.2548
0.05;0.7;10;100.1.3.2.txt;0.721868;0.116289;5.17224
0.05;0.7;10;100.1.3.3.txt;1.74797;0.111326;3.96505
0.05;0.7;10;100.2.1.1.txt;-0.132231;0.0739196;4.06399
0.05;0.7;10;100.2.1.2.txt;-0.729483;0.683046;4.98281
0.05;0.7;10;100.2.1.3.txt;-0.157729;0;2.77802
0.05;0.7;10;100.2.2.1.txt;0.740741;0.432073;5.38538
0.05;0.7;10;100.2.2.2.txt;1.46628;0;4.53898
0.05;0.7;10;100.2.2.3.txt;0.0271739;0.148838;3.7683
0.05;0.7;10;100.2.3.1.txt;0.986301;0.404052;5.90728
0.05;0.7;10;100.2.3.2.txt;-0.392707;0.30406;5.09318
0.05;0.7;10;100.2.3.3.txt;0;0.445422;3.75562
0.05;0.7;10;100.3.1.1.txt;-1.38958;0.641092;5.05634
0.05;0.7;10;100.3.1.2.txt;0.0968523;0.30145;4.12429
0.05;0.7;10;100.3.1.3.txt;0.397022;0.622824;3.2143
0.05;0.7;10;100.3.2.1.txt;0.328205;0.379626;5.19681
0.05;0.7;10;100.3.2.2.txt;0.468085;0.58559;5.00015
0.05;0.7;10;100.3.2.3.txt;-0.364026;0.143645;4.81522
0.05;0.7;10;100.3.3.1.txt;1.45414;0.295945;11.8203
0.05;0.7;10;100.3.3.2.txt;0.515996;0.252785;7.63684
0.05;0.7;10;100.3.3.3.txt;-0.0417973;0.598446;4.72781
0.05;0.8;2.5;20.1.1.1.txt;-1.21457;0;0.462255
0.05;0.8;2.5;20.1.1.2.txt;0;0;0.318663
0.05;0.8;2.5;20.1.1.3.txt;0;0;0.260385
0.05;0.8;2.5;20.1.2.1.txt;0;0;0.439748
0.05;0.8;2.5;20.1.2.2.txt;0;0;0.383565
0.05;0.8;2.5;20.1.2.3.txt;0;0;0.331947
0.05;0.8;2.5;20.1.3.1.txt;0;0;0.494551
0.05;0.8;2.5;20.1.3.2.txt;1.89274;0;0.485397
0.05;0.8;2.5;20.1.3.3.txt;0;0;0.386901
0.05;0.8;2.5;20.2.1.1.txt;0;0;0.321976
0.05;0.8;2.5;20.2.1.2.txt;0;0;0.358799
0.05;0.8;2.5;20.2.1.3.txt;0;0;0.291301
0.05;0.8;2.5;20.2.2.1.txt;-0.257732;0;0.574528
0.05;0.8;2.5;20.2.2.2.txt;0.047619;0.39123;0.433165
0.05;0.8;2.5;20.2.2.3.txt;0.577617;1.29159;0.405334
0.05;0.8;2.5;20.2.3.1.txt;-0.528302;0.206688;0.395813
0.05;0.8;2.5;20.2.3.2.txt;0;0;0.461427
0.05;0.8;2.5;20.2.3.3.txt;0;0;0.402933
0.05;0.8;2.5;20.3.1.1.txt;-1.13821;0.296869;0.461011
0.05;0.8;2.5;20.3.1.2.txt;0;0;0.360698
0.05;0.8;2.5;20.3.1.3.txt;-0.358423;0;0.304014
0.05;0.8;2.5;20.3.2.1.txt;0;0;0.00305012
0.05;0.8;2.5;20.3.2.2.txt;0;0;0.0302089
0.05;0.8;2.5;20.3.2.3.txt;-0.2331;3.10317e-17;0.0370052
0.05;0.8;2.5;20.3.3.1.txt;0;0;0.00127744
0.05;0.8;2.5;20.3.3.2.txt;0;0;0.00012862
0.05;0.8;2.5;20.3.3.3.txt;0;0;0.00083914
0.05;0.8;2.5;50.1.1.1.txt;-0.4914;6.20634e-17;1.40848
0.05;0.8;2.5;50.1.1.2.txt;0;0;1.03824
0.05;0.8;2.5;50.1.1.3.txt;0;0;0.69077
0.05;0.8;2.5;50.1.2.1.txt;0;0;1.5153
0.05;0.8;2.5;50.1.2.2.txt;0;0;1.19872
0.05;0.8;2.5;50.1.2.3.txt;0;0;1.0513
0.05;0.8;2.5;50.1.3.1.txt;0;0;2.19352
0.05;0.8;2.5;50.1.3.2.txt;0;0;2.0374
0.05;0.8;2.5;50.1.3.3.txt;-0.566572;0;1.32431
0.05;0.8;2.5;50.2.1.1.txt;-1.2806;1.06864;1.48564
0.05;0.8;2.5;50.2.1.2.txt;0;0;1.24508
0.05;0.8;2.5;50.2.1.3.txt;-0.188235;0.257752;1.07267
0.05;0.8;2.5;50.2.2.1.txt;0;0;1.70371
0.05;0.8;2.5;50.2.2.2.txt;-0.955752;0.633223;1.58002
0.05;0.8;2.5;50.2.2.3.txt;0.0718133;0.160579;1.68658
0.05;0.8;2.5;50.2.3.1.txt;0;0;2.87661
0.05;0.8;2.5;50.2.3.2.txt;0.0371058;0.331884;2.11827
0.05;0.8;2.5;50.2.3.3.txt;-0.273504;0.374511;1.72378
0.05;0.8;2.5;50.3.1.1.txt;-0.324149;0;1.32133
0.05;0.8;2.5;50.3.1.2.txt;-1.07955;0.678258;1.96214
0.05;0.8;2.5;50.3.1.3.txt;-0.582822;0.168013;1.36314
0.05;0.8;2.5;50.3.2.1.txt;0;0;1.62529
0.05;0.8;2.5;50.3.2.2.txt;0.763984;0.122023;1.99556
0.05;0.8;2.5;50.3.2.3.txt;-0.845921;0.33095;1.76342
0.05;0.8;2.5;50.3.3.1.txt;0.885496;0.0682769;2.63851
0.05;0.8;2.5;50.3.3.2.txt;-0.3;0.273861;2.09805
0.05;0.8;2.5;50.3.3.3.txt;-0.385109;0;1.62914
0.05;0.8;2.5;100.1.1.1.txt;1.77866;1.0734;4.7328
0.05;0.8;2.5;100.1.1.2.txt;0;0;2.24325
0.05;0.8;2.5;100.1.1.3.txt;-0.13986;0.483367;2.19866
0.05;0.8;2.5;100.1.2.1.txt;0.389105;0;4.95875
0.05;0.8;2.5;100.1.2.2.txt;1.04603;0;3.32534
0.05;0.8;2.5;100.1.2.3.txt;-0.0391389;0.350069;3.88339
0.05;0.8;2.5;100.1.3.1.txt;0.215827;0.234504;6.33579
0.05;0.8;2.5;100.1.3.2.txt;0.764331;0.1899;5.35759
0.05;0.8;2.5;100.1.3.3.txt;1.78862;0.0908971;4.52457
0.05;0.8;2.5;100.2.1.1.txt;-0.132231;0.0739196;3.93906
0.05;0.8;2.5;100.2.1.2.txt;-0.121581;0.127152;4.6634
0.05;0.8;2.5;100.2.1.3.txt;-0.157729;0;2.24232
0.05;0.8;2.5;100.2.2.1.txt;0.541311;0.368723;6.34743
0.05;0.8;2.5;100.2.2.2.txt;1.4956;0.0655738;3.76004
0.05;0.8;2.5;100.2.2.3.txt;-0.108696;0.412113;4.06388
0.05;0.8;2.5;100.2.3.1.txt;0.849315;0.426641;5.96376
0.05;0.8;2.5;100.2.3.2.txt;-0.645161;0.159912;6.83558
0.05;0.8;2.5;100.2.3.3.txt;-0.0314961;0.662541;5.84217
0.05;0.8;2.5;100.3.1.1.txt;-1.51365;0.296212;4.33878
0.05;0.8;2.5;100.3.1.2.txt;0.121065;0.191421;3.39816
0.05;0.8;2.5;100.3.1.3.txt;0.669975;0.469173;2.97736
0.05;0.8;2.5;100.3.2.1.txt;0.328205;0.311092;5.50516
0.05;0.8;2.5;100.3.2.2.txt;0.659574;0.753744;4.4863
0.05;0.8;2.5;100.3.2.3.txt;-0.385439;0.162374;4.28509
0.05;0.8;2.5;100.3.3.1.txt;1.7226;0.384241;8.33333
0.05;0.8;2.5;100.3.3.2.txt;0.392157;0.286366;6.26103
0.05;0.8;2.5;100.3.3.3.txt;0.0208986;0.445783;5.14212
0.05;0.8;5;20.1.1.1.txt;-0.97166;0.543174;0.393298
0.05;0.8;5;20.1.1.2.txt;0;0;0.310159
0.05;0.8;5;20.1.1.3.txt;0;0;0.259769
0.05;0.8;5;20.1.2.1.txt;0;0;0.43813
0.05;0.8;5;20.1.2.2.txt;0;0;0.368939
0.05;0.8;5;20.1.2.3.txt;0;0;0.330227
0.05;0.8;5;20.1.3.1.txt;0;0;0.4899
0.05;0.8;5;20.1.3.2.txt;1.89274;0;0.482326
0.05;0.8;5;20.1.3.3.txt;0;0;0.378807
0.05;0.8;5;20.2.1.1.txt;0;0;0.316406
0.05;0.8;5;20.2.1.2.txt;0;0;0.353872
0.05;0.8;5;20.2.1.3.txt;0;0;0.288689
0.05;0.8;5;20.2.2.1.txt;-0.257732;0;0.464116
0.05;0.8;5;20.2.2.2.txt;0.047619;0.39123;0.505234
0.05;0.8;5;20.2.2.3.txt;0;0;0.502376
0.05;0.8;5;20.2.3.1.txt;-0.603774;0.206688;0.335852
0.05;0.8;5;20.2.3.2.txt;-0.301887;0.413376;0.531665
0.05;0.8;5;20.2.3.3.txt;0;0;0.394679
0.05;0.8;5;20.3.1.1.txt;-1.13821;0.296869;0.380732
0.05;0.8;5;20.3.1.2.txt;0;0;0.371593
0.05;0.8;5;20.3.1.3.txt;-0.358423;0;0.323331
0.05;0.8;5;20.3.2.1.txt;0;0;0.00140748
0.05;0.8;5;20.3.2.2.txt;0;0;0.0146722
0.05;0.8;5;20.3.2.3.txt;-0.2331;3.10317e-17;0.109151
0.05;0.8;5;20.3.3.1.txt;0;0;0.00088458
0.05;0.8;5;20.3.3.2.txt;0;0;0.00013732
0.05;0.8;5;20.3.3.3.txt;0;0;0.00104468
0.05;0.8;5;50.1.1.1.txt;-0.4914;6.20634e-17;1.26479
0.05;0.8;5;50.1.1.2.txt;0;0;1.04695
0.05;0.8;5;50.1.1.3.txt;0;0;0.686777
0.05;0.8;5;50.1.2.1.txt;0;0;1.47956
0.05;0.8;5;50.1.2.2.txt;0;0;1.15886
0.05;0.8;5;50.1.2.3.txt;0;0;1.08068
0.05;0.8;5;50.1.3.1.txt;0;0;2.19549
0.05;0.8;5;50.1.3.2.txt;0;0;2.27671
0.05;0.8;5;50.1.3.3.txt;-0.566572;0;1.36959
0.05;0.8;5;50.2.1.1.txt;-0.94162;0.84221;1.5592
0.05;0.8;5;50.2.1.2.txt;0;0;1.23263
0.05;0.8;5;50.2.1.3.txt;-0.0941176;0.210453;1.03959
0.05;0.8;5;50.2.2.1.txt;0.17331;0.387533;1.89752
0.05;0.8;5;50.2.2.2.txt;-1.23894;0;1.46224
0.05;0.8;5;50.2.2.3.txt;0.251346;0.562028;1.36688
0.05;0.8;5;50.2.3.1.txt;0;0;2.3428
0.05;0.8;5;50.2.3.2.txt;-0.111317;0.406473;2.21145
0.05;0.8;5;50.2.3.3.txt;-0.410256;0.374511;1.66305
0.05;0.8;5;50.3.1.1.txt;-0.324149;0;1.55305
0.05;0.8;5;50.3.1.2.txt;-1.5625;0;1.49493
0.05;0.8;5;50.3.1.3.txt;-0.644172;0.274364;1.5473
0.05;0.8;5;50.3.2.1.txt;0.0293686;0.0656701;1.83511
0.05;0.8;5;50.3.2.2.txt;0.518417;0.531885;2.12163
0.05;0.8;5;50.3.2.3.txt;-0.906344;0.151057;1.34078
0.05;0.8;5;50.3.3.1.txt;0.916031;0;2.82799
0.05;0.8;5;50.3.3.2.txt;-0.2;0.182574;2.1948
0.05;0.8;5;50.3.3.3.txt;-0.385109;0;1.66626
0.05;0.8;5;100.1.1.1.txt;1.30435;0.890425;3.97106
0.05;0.8;5;100.1.1.2.txt;0;0;2.33898
0.05;0.8;5;100.1.1.3.txt;0.32634;0.536637;1.87788
0.05;0.8;5;100.1.2.1.txt;0.389105;0;4.85094
0.05;0.8;5;100.1.2.2.txt;1.04603;0;3.44609
0.05;0.8;5;100.1.2.3.txt;0.234834;0.401055;3.42361
0.05;0.8;5;100.1.3.1.txt;0.107914;0.160868;7.59234
0.05;0.8;5;100.1.3.2.txt;0.636943;0;5.22891
0.05;0.8;5;100.1.3.3.txt;1.70732;0.111326;3.93608
0.05;0.8;5;100.2.1.1.txt;-0.132231;0.0739196;4.28518
0.05;0.8;5;100.2.1.2.txt;-0.212766;0.857014;3.59198
0.05;0.8;5;100.2.1.3.txt;-0.157729;0;2.75685
0.05;0.8;5;100.2.2.1.txt;0.683761;0.497557;5.40422
0.05;0.8;5;100.2.2.2.txt;1.58358;0.122677;4.23545
0.05;0.8;5;100.2.2.3.txt;0.13587;0;3.42024
0.05;0.8;5;100.2.3.1.txt;0.438356;0.178608;8.07207
0.05;0.8;5;100.2.3.2.txt;-0.196353;0.404063;6.08214
0.05;0.8;5;100.2.3.3.txt;0.661417;0.233581;3.48345
0.05;0.8;5;100.3.1.1.txt;-1.24069;0.568558;3.5744
0.05;0.8;5;100.3.1.2.txt;0.0726392;0.202581;4.52525
0.05;0.8;5;100.3.1.3.txt;0.942928;0.694124;2.8244
0.05;0.8;5;100.3.2.1.txt;0.389744;0.524984;4.87152
0.05;0.8;5;100.3.2.2.txt;0.851064;0.360762;4.62896
0.05;0.8;5;100.3.2.3.txt;-0.299786;0.175928;3.7784
0.05;0.8;5;100.3.3.1.txt;1.74497;0.465249;8.94657
0.05;0.8;5;100.3.3.2.txt;0.515996;0.349965;6.46719
0.05;0.8;5;100.3.3.3.txt;0.334378;0.249474;5.98803
0.05;0.8;10;20.1.1.1.txt;-0.97166;0.543174;0.427885
0.05;0.8;10;20.1.1.2.txt;0;0;0.313132
0.05;0.8;10;20.1.1.3.txt;0;0;0.26286
0.05;0.8;10;20.1.2.1.txt;0;0;0.432721
0.05;0.8;10;20.1.2.2.txt;0;0;0.368844
0.05;0.8;10;20.1.2.3.txt;0;0;0.325818
0.05;0.8;10;20.1.3.1.txt;0;0;0.485706
0.05;0.8;10;20.1.3.2.txt;1.89274;0;0.47954
0.05;0.8;10;20.1.3.3.txt;0;0;0.378548
0.05;0.8;10;20.2.1.1.txt;0;0;0.31874
0.05;0.8;10;20.2.1.2.txt;0;0;0.353708
0.05;0.8;10;20.2.1.3.txt;0;0;0.284995
0.05;0.8;10;20.2.2.1.txt;-0.257732;0;0.420037
0.05;0.8;10;20.2.2.2.txt;0.047619;0.39123;0.476906
0.05;0.8;10;20.2.2.3.txt;0;0;0.395225
0.05;0.8;10;20.2.3.1.txt;-0.45283;0.16876;0.429439
0.05;0.8;10;20.2.3.2.txt;-0.150943;0.33752;0.485529
0.05;0.8;10;20.2.3.3.txt;0;0;0.384356
0.05;0.8;10;20.3.1.1.txt;-1.24661;0.242392;0.494406
0.05;0.8;10;20.3.1.2.txt;0;0;0.35251
0.05;0.8;10;20.3.1.3.txt;-0.358423;0;0.319837
0.05;0.8;10;20.3.2.1.txt;0;0;0.00194986
0.05;0.8;10;20.3.2.2.txt;0;0;0.0105964
0.05;0.8;10;20.3.2.3.txt;-0.2331;3.10317e-17;0.0350791
0.05;0.8;10;20.3.3.1.txt;0;0;0.00144842
0.05;0.8;10;20.3.3.2.txt;0;0;0.00014132
0.05;0.8;10;20.3.3.3.txt;0;0;0.00118334
0.05;0.8;10;50.1.1.1.txt;-0.4914;6.20634e-17;1.24911
0.05;0.8;10;50.1.1.2.txt;0;0;1.00161
0.05;0.8;10;50.1.1.3.txt;0;0;0.677792
0.05;0.8;10;50.1.2.1.txt;0;0;1.50926
0.05;0.8;10;50.1.2.2.txt;0;0;1.13289
0.05;0.8;10;50.1.2.3.txt;0;0;1.00392
0.05;0.8;10;50.1.3.1.txt;0;0;2.08499
0.05;0.8;10;50.1.3.2.txt;0;0;2.11099
0.05;0.8;10;50.1.3.3.txt;-0.566572;0;1.35025
0.05;0.8;10;50.2.1.1.txt;-1.01695;1.44409;1.54937
0.05;0.8;10;50.2.1.2.txt;0;0;1.21681
0.05;0.8;10;50.2.1.3.txt;0;0;0.826483
0.05;0.8;10;50.2.2.1.txt;0;0;1.59184
0.05;0.8;10;50.2.2.2.txt;-1.23894;0;1.48556
0.05;0.8;10;50.2.2.3.txt;0;0;1.72574
0.05;0.8;10;50.2.3.1.txt;0;0;2.53413
0.05;0.8;10;50.2.3.2.txt;0.0371058;0.331884;1.9188
0.05;0.8;10;50.2.3.3.txt;-0.410256;0.374511;1.88331
0.05;0.8;10;50.3.1.1.txt;-0.324149;0;1.50674
0.05;0.8;10;50.3.1.2.txt;-1.25;0.698771;1.95368
0.05;0.8;10;50.3.1.3.txt;-0.644172;0.168013;1.19584
0.05;0.8;10;50.3.2.1.txt;0;0;1.73787
0.05;0.8;10;50.3.2.2.txt;0.791269;0.149447;1.42211
0.05;0.8;10;50.3.2.3.txt;-0.996979;0.0827375;1.92026
0.05;0.8;10;50.3.3.1.txt;0.946565;0.0682769;3.36974
0.05;0.8;10;50.3.3.2.txt;-0.5;0.353553;2.42249
0.05;0.8;10;50.3.3.3.txt;-0.154044;0.210933;1.80016
0.05;0.8;10;100.1.1.1.txt;1.73913;1.15575;5.99903
0.05;0.8;10;100.1.1.2.txt;0;0;2.40849
0.05;0.8;10;100.1.1.3.txt;-0.13986;0.510697;2.93229
0.05;0.8;10;100.1.2.1.txt;0.389105;0;4.9634
0.05;0.8;10;100.1.2.2.txt;0.627615;0.572932;3.50953
0.05;0.8;10;100.1.2.3.txt;0.273973;0.428746;4.82391
0.05;0.8;10;100.1.3.1.txt;0.107914;0.241302;6.69361
0.05;0.8;10;100.1.3.2.txt;0.679406;0.0949498;6.24286
0.05;0.8;10;100.1.3.3.txt;1.78862;0.0908971;4.07765
0.05;0.8;10;100.2.1.1.txt;-0.0661157;0.221759;2.85713
0.05;0.8;10;100.2.1.2.txt;-0.303951;0.76744;4.04507
0.05;0.8;10;100.2.1.3.txt;0.0946372;0.564307;2.64816
0.05;0.8;10;100.2.2.1.txt;0.626781;0.371465;7.27084
0.05;0.8;10;100.2.2.2.txt;1.52493;0.0803112;4.72412
0.05;0.8;10;100.2.2.3.txt;0.0815217;0.121525;3.18218
0.05;0.8;10;100.2.3.1.txt;0.794521;0.448094;6.74029
0.05;0.8;10;100.2.3.2.txt;-0.336606;0.254781;4.17875
0.05;0.8;10;100.2.3.3.txt;0.440945;0.281709;3.95434
0.05;0.8;10;100.3.1.1.txt;-1.29032;0.516046;4.80588
0.05;0.8;10;100.3.1.2.txt;0.31477;0.278713;3.71392
0.05;0.8;10;100.3.1.3.txt;0.918114;0.452471;3.53152
0.05;0.8;10;100.3.2.1.txt;-0.0410256;0.50559;7.92772
0.05;0.8;10;100.3.2.2.txt;0.148936;0.529783;5.81365
0.05;0.8;10;100.3.2.3.txt;-0.406852;0.175928;4.81142
0.05;0.8;10;100.3.3.1.txt;1.65548;0.348376;8.01844
0.05;0.8;10;100.3.3.2.txt;0.536636;0.134555;4.73171
0.05;0.8;10;100.3.3.3.txt;0.501567;0.451865;6.35914
0.05;0.9;2.5;20.1.1.1.txt;-0.97166;0.543174;0.447286
0.05;0.9;2.5;20.1.1.2.txt;0;0;0.313559
0.05;0.9;2.5;20.1.1.3.txt;0;0;0.264484
0.05;0.9;2.5;20.1.2.1.txt;0;0;0.430309
0.05;0.9;2.5;20.1.2.2.txt;0;0;0.378025
0.05;0.9;2.5;20.1.2.3.txt;0;0;0.33007
0.05;0.9;2.5;20.1.3.1.txt;0;0;0.487586
0.05;0.9;2.5;20.1.3.2.txt;1.89274;0;0.480286
0.05;0.9;2.5;20.1.3.3.txt;0;0;0.385342
0.05;0.9;2.5;20.2.1.1.txt;0;0;0.319745
0.05;0.9;2.5;20.2.1.2.txt;0;0;0.35294
0.05;0.9;2.5;20.2.1.3.txt;0;0;0.290359
0.05;0.9;2.5;20.2.2.1.txt;-0.257732;0;0.506126
0.05;0.9;2.5;20.2.2.2.txt;-0.238095;3.10317e-17;0.535156
0.05;0.9;2.5;20.2.2.3.txt;0;0;0.473483
0.05;0.9;2.5;20.2.3.1.txt;-0.377358;0;0.466972
0.05;0.9;2.5;20.2.3.2.txt;-0.301887;0.413376;0.490466
0.05;0.9;2.5;20.2.3.3.txt;0;0;0.385613
0.05;0.9;2.5;20.3.1.1.txt;-1.13821;0.296869;0.48877
0.05;0.9;2.5;20.3.1.2.txt;0;0;0.371162
0.05;0.9;2.5;20.3.1.3.txt;-0.358423;0;0.319233
0.05;0.9;2.5;20.3.2.1.txt;0;0;0.00316658
0.05;0.9;2.5;20.3.2.2.txt;0;0;0.0134183
0.05;0.9;2.5;20.3.2.3.txt;-0.2331;3.10317e-17;0.0998269
0.05;0.9;2.5;20.3.3.1.txt;0;0;0.0007469
0.05;0.9;2.5;20.3.3.2.txt;0;0;0.00012766
0.05;0.9;2.5;20.3.3.3.txt;0;0;0.00151198
0.05;0.9;2.5;50.1.1.1.txt;-0.4914;6.20634e-17;1.28415
0.05;0.9;2.5;50.1.1.2.txt;0;0;1.03127
0.05;0.9;2.5;50.1.1.3.txt;0;0;0.693116
0.05;0.9;2.5;50.1.2.1.txt;0;0;1.52501
0.05;0.9;2.5;50.1.2.2.txt;0;0;1.14453
0.05;0.9;2.5;50.1.2.3.txt;0;0;1.06575
0.05;0.9;2.5;50.1.3.1.txt;0;0;1.93422
0.05;0.9;2.5;50.1.3.2.txt;0;0;1.94842
0.05;0.9;2.5;50.1.3.3.txt;-0.566572;0;1.3433
0.05;0.9;2.5;50.2.1.1.txt;-0.94162;0.84221;1.22441
0.05;0.9;2.5;50.2.1.2.txt;0;0;1.21033
0.05;0.9;2.5;50.2.1.3.txt;-0.0941176;0.210453;0.843887
0.05;0.9;2.5;50.2.2.1.txt;0;0;1.70319
0.05;0.9;2.5;50.2.2.2.txt;-1.23894;0;1.53123
0.05;0.9;2.5;50.2.2.3.txt;0;0;1.73632
0.05;0.9;2.5;50.2.3.1.txt;0;0;2.64451
0.05;0.9;2.5;50.2.3.2.txt;0.0371058;0.331884;2.10717
0.05;0.9;2.5;50.2.3.3.txt;-0.683761;0;1.81072
0.05;0.9;2.5;50.3.1.1.txt;-0.324149;0;1.78823
0.05;0.9;2.5;50.3.1.2.txt;-1.5625;0;1.45116
0.05;0.9;2.5;50.3.1.3.txt;-0.582822;0.274364;1.11358
0.05;0.9;2.5;50.3.2.1.txt;0;0;1.85262
0.05;0.9;2.5;50.3.2.2.txt;0.818554;0;1.41291
0.05;0.9;2.5;50.3.2.3.txt;-0.966767;0.13511;1.28826
0.05;0.9;2.5;50.3.3.1.txt;0.824427;0.136554;2.64718
0.05;0.9;2.5;50.3.3.2.txt;-0.3;0.447214;1.87395
0.05;0.9;2.5;50.3.3.3.txt;-0.308087;0.172226;1.6135
0.05;0.9;2.5;100.1.1.1.txt;1.66008;1.09679;3.78834
0.05;0.9;2.5;100.1.1.2.txt;0;0;2.29755
0.05;0.9;2.5;100.1.1.3.txt;0.18648;0.603365;2.07634
0.05;0.9;2.5;100.1.2.1.txt;0.389105;0;4.58153
0.05;0.9;2.5;100.1.2.2.txt;1.25523;0.467797;3.0947
0.05;0.9;2.5;100.1.2.3.txt;-0.0391389;0.350069;4.04156
0.05;0.9;2.5;100.1.3.1.txt;0.143885;0.197023;6.64721
0.05;0.9;2.5;100.1.3.2.txt;0.636943;0;4.78604
0.05;0.9;2.5;100.1.3.3.txt;1.66667;0.0908971;4.08804
0.05;0.9;2.5;100.2.1.1.txt;-0.0661157;0.0905327;3.36
0.05;0.9;2.5;100.2.1.2.txt;-0.273556;0.329475;4.10915
0.05;0.9;2.5;100.2.1.3.txt;-0.189274;0.0705384;2.71798
0.05;0.9;2.5;100.2.2.1.txt;0.997151;0.246731;4.77808
0.05;0.9;2.5;100.2.2.2.txt;1.58358;0.0655738;3.25046
0.05;0.9;2.5;100.2.2.3.txt;0.0815217;0.121525;3.28363
0.05;0.9;2.5;100.2.3.1.txt;0.630137;0.267035;7.40822
0.05;0.9;2.5;100.2.3.2.txt;-0.196353;0.574864;4.89066
0.05;0.9;2.5;100.2.3.3.txt;0.0629921;0.362547;4.39635
0.05;0.9;2.5;100.3.1.1.txt;-1.31514;0.636272;4.60663
0.05;0.9;2.5;100.3.1.2.txt;0.0484262;0.0663102;4.7101
0.05;0.9;2.5;100.3.1.3.txt;0.372208;0.464225;3.30261
0.05;0.9;2.5;100.3.2.1.txt;0.123077;0.379626;4.3221
0.05;0.9;2.5;100.3.2.2.txt;0.234043;0.612973;6.84636
0.05;0.9;2.5;100.3.2.3.txt;-0.428266;0;3.68568
0.05;0.9;2.5;100.3.3.1.txt;1.81208;0.365893;5.67374
0.05;0.9;2.5;100.3.3.2.txt;0.515996;0.178746;7.61547
0.05;0.9;2.5;100.3.3.3.txt;0.438871;0.214147;4.79837
0.05;0.9;5;20.1.1.1.txt;-1.21457;0;0.459155
0.05;0.9;5;20.1.1.2.txt;0;0;0.316342
0.05;0.9;5;20.1.1.3.txt;0;0;0.26477
0.05;0.9;5;20.1.2.1.txt;0;0;0.432076
0.05;0.9;5;20.1.2.2.txt;0;0;0.372282
0.05;0.9;5;20.1.2.3.txt;0;0;0.33175
0.05;0.9;5;20.1.3.1.txt;0;0;0.483354
0.05;0.9;5;20.1.3.2.txt;1.89274;0;0.480352
0.05;0.9;5;20.1.3.3.txt;0;0;0.391326
0.05;0.9;5;20.2.1.1.txt;0;0;0.319664
0.05;0.9;5;20.2.1.2.txt;0;0;0.353928
0.05;0.9;5;20.2.1.3.txt;0;0;0.289896
0.05;0.9;5;20.2.2.1.txt;-0.257732;0;0.435718
0.05;0.9;5;20.2.2.2.txt;-0.238095;3.10317e-17;0.466832
0.05;0.9;5;20.2.2.3.txt;0;0;0.550445
0.05;0.9;5;20.2.3.1.txt;-0.45283;0.16876;0.380775
0.05;0.9;5;20.2.3.2.txt;0;0;0.450975
0.05;0.9;5;20.2.3.3.txt;0;0;0.397536
0.05;0.9;5;20.3.1.1.txt;-1.24661;0.242392;0.474073
0.05;0.9;5;20.3.1.2.txt;0;0;0.346401
0.05;0.9;5;20.3.1.3.txt;-0.358423;0;0.335037
0.05;0.9;5;20.3.2.1.txt;0;0;0.0027066
0.05;0.9;5;20.3.2.2.txt;0;0;0.0245887
0.05;0.9;5;20.3.2.3.txt;-0.2331;3.10317e-17;0.0327663
0.05;0.9;5;20.3.3.1.txt;0;0;0.00101396
0.05;0.9;5;20.3.3.2.txt;0;0;0.00012936
0.05;0.9;5;20.3.3.3.txt;0;0;0.00174218
0.05;0.9;5;50.1.1.1.txt;-0.4914;6.20634e-17;1.24825
0.05;0.9;5;50.1.1.2.txt;0;0;1.04158
0.05;0.9;5;50.1.1.3.txt;0;0;0.679816
0.05;0.9;5;50.1.2.1.txt;0;0;1.46064
0.05;0.9;5;50.1.2.2.txt;0;0;1.16665
0.05;0.9;5;50.1.2.3.txt;0;0;1.0791
0.05;0.9;5;50.1.3.1.txt;0;0;1.93483
0.05;0.9;5;50.1.3.2.txt;0;0;2.4153
0.05;0.9;5;50.1.3.3.txt;-0.566572;0;1.29398
0.05;0.9;5;50.2.1.1.txt;-1.99623;0.816553;1.90365
0.05;0.9;5;50.2.1.2.txt;0;0;1.13693
0.05;0.9;5;50.2.1.3.txt;-0.0941176;0.210453;0.868758
0.05;0.9;5;50.2.2.1.txt;0;0;1.97555
0.05;0.9;5;50.2.2.2.txt;-1.13274;0.237459;1.50553
0.05;0.9;5;50.2.2.3.txt;0;0;1.20155
0.05;0.9;5;50.2.3.1.txt;0;0;2.46144
0.05;0.9;5;50.2.3.2.txt;0.0371058;0.331884;1.84668
0.05;0.9;5;50.2.3.3.txt;-0.410256;0.374511;1.74997
0.05;0.9;5;50.3.1.1.txt;-0.356564;0.0724819;1.61999
0.05;0.9;5;50.3.1.2.txt;-1.5625;0;1.57872
0.05;0.9;5;50.3.1.3.txt;-0.705521;0.137182;1.42417
0.05;0.9;5;50.3.2.1.txt;0;0;1.88381
0.05;0.9;5;50.3.2.2.txt;0.627558;0.478463;2.104
0.05;0.9;5;50.3.2.3.txt;-0.996979;0.13511;1.30158
0.05;0.9;5;50.3.3.1.txt;0.946565;0.127734;2.29434
0.05;0.9;5;50.3.3.2.txt;-0.333333;0.456435;2.55758
0.05;0.9;5;50.3.3.3.txt;-0.231065;0.210933;1.95328
0.05;0.9;5;100.1.1.1.txt;1.89723;1.19887;3.61909
0.05;0.9;5;100.1.1.2.txt;0;0;2.25536
0.05;0.9;5;100.1.1.3.txt;-0.27972;0.195026;2.6923
0.05;0.9;5;100.1.2.1.txt;0.389105;0;4.95288
0.05;0.9;5;100.1.2.2.txt;0.83682;0.467797;3.95764
0.05;0.9;5;100.1.2.3.txt;0.430528;0.350069;3.47391
0.05;0.9;5;100.1.3.1.txt;0.179856;0.179856;7.54981
0.05;0.9;5;100.1.3.2.txt;0.636943;0;5.52367
0.05;0.9;5;100.1.3.3.txt;1.74797;0.111326;4.76235
0.05;0.9;5;100.2.1.1.txt;-0.0991736;0.0905327;3.80782
0.05;0.9;5;100.2.1.2.txt;-0.486322;0.739858;3.66766
0.05;0.9;5;100.2.1.3.txt;-0.157729;0;2.02759
0.05;0.9;5;100.2.2.1.txt;1.11111;0.0637056;4.58442
0.05;0.9;5;100.2.2.2.txt;1.4956;0.0655738;4.9904
0.05;0.9;5;100.2.2.3.txt;-0.0271739;0.148838;3.82938
0.05;0.9;5;100.2.3.1.txt;0.657534;0.35458;7.19612
0.05;0.9;5;100.2.3.2.txt;-0.448808;0.287432;5.47231
0.05;0.9;5;100.2.3.3.txt;0.220472;0.595517;5.42245
0.05;0.9;5;100.3.1.1.txt;-1.19107;0.426193;5.25792
0.05;0.9;5;100.3.1.2.txt;0.31477;0.3157;3.06896
0.05;0.9;5;100.3.1.3.txt;0.967742;0.709478;3.71123
0.05;0.9;5;100.3.2.1.txt;0.287179;0.455228;6.36889
0.05;0.9;5;100.3.2.2.txt;0.851064;0.45757;4.27931
0.05;0.9;5;100.3.2.3.txt;-0.385439;0.162374;4.20841
0.05;0.9;5;100.3.3.1.txt;2.19239;0.367599;6.68727
0.05;0.9;5;100.3.3.2.txt;0.722394;0.193068;5.39932
0.05;0.9;5;100.3.3.3.txt;0.229885;0.0874253;5.73775
0.05;0.9;10;20.1.1.1.txt;-0.728745;0.66525;0.373561
0.05;0.9;10;20.1.1.2.txt;0;0;0.309985
0.05;0.9;10;20.1.1.3.txt;0;0;0.258161
0.05;0.9;10;20.1.2.1.txt;0;0;0.434059
0.05;0.9;10;20.1.2.2.txt;0;0;0.383141
0.05;0.9;10;20.1.2.3.txt;0;0;0.336998
0.05;0.9;10;20.1.3.1.txt;0;0;0.488611
0.05;0.9;10;20.1.3.2.txt;1.89274;0;0.480197
0.05;0.9;10;20.1.3.3.txt;0;0;0.379073
0.05;0.9;10;20.2.1.1.txt;0;0;0.318464
0.05;0.9;10;20.2.1.2.txt;0;0;0.352004
0.05;0.9;10;20.2.1.3.txt;0;0;0.290576
0.05;0.9;10;20.2.2.1.txt;-0.257732;0;0.471068
0.05;0.9;10;20.2.2.2.txt;0.047619;0.39123;0.478316
0.05;0.9;10;20.2.2.3.txt;0;0;0.5048
0.05;0.9;10;20.2.3.1.txt;-0.679245;0.16876;0.325648
0.05;0.9;10;20.2.3.2.txt;0;0;0.462546
0.05;0.9;10;20.2.3.3.txt;0;0;0.397407
0.05;0.9;10;20.3.1.1.txt;-1.24661;0.242392;0.537826
0.05;0.9;10;20.3.1.2.txt;0;0;0.358289
0.05;0.9;10;20.3.1.3.txt;-0.358423;0;0.320422
0.05;0.9;10;20.3.2.1.txt;0;0;0.00306566
0.05;0.9;10;20.3.2.2.txt;0;0;0.00909402
0.05;0.9;10;20.3.2.3.txt;-0.2331;3.10317e-17;0.0313972
0.05;0.9;10;20.3.3.1.txt;0;0;0.00084608
0.05;0.9;10;20.3.3.2.txt;0;0;0.0001461
0.05;0.9;10;20.3.3.3.txt;0;0;0.00142714
0.05;0.9;10;50.1.1.1.txt;-0.4914;6.20634e-17;1.40489
0.05;0.9;10;50.1.1.2.txt;0;0;1.03076
0.05;0.9;10;50.1.1.3.txt;0;0;0.693911
0.05;0.9;10;50.1.2.1.txt;0;0;1.57621
0.05;0.9;10;50.1.2.2.txt;0;0;1.16332
0.05;0.9;10;50.1.2.3.txt;0;0;1.02751
0.05;0.9;10;50.1.3.1.txt;0;0;2.12827
0.05;0.9;10;50.1.3.2.txt;0;0;2.18651
0.05;0.9;10;50.1.3.3.txt;-0.566572;0;1.30387
0.05;0.9;10;50.2.1.1.txt;-1.69492;1.03149;1.49837
0.05;0.9;10;50.2.1.2.txt;0;0;1.19717
0.05;0.9;10;50.2.1.3.txt;-0.188235;0.257752;0.902962
0.05;0.9;10;50.2.2.1.txt;0;0;2.20224
0.05;0.9;10;50.2.2.2.txt;-1.13274;0.237459;1.63621
0.05;0.9;10;50.2.2.3.txt;0;0;1.93186
0.05;0.9;10;50.2.3.1.txt;0;0;2.52121
0.05;0.9;10;50.2.3.2.txt;-0.222635;0.380221;2.60929
0.05;0.9;10;50.2.3.3.txt;-0.273504;0.374511;1.54785
0.05;0.9;10;50.3.1.1.txt;-0.324149;0;1.51761
0.05;0.9;10;50.3.1.2.txt;-1.36364;0.444673;1.63562
0.05;0.9;10;50.3.1.3.txt;-0.490798;0.465207;1.50138
0.05;0.9;10;50.3.2.1.txt;0.0293686;0.0656701;1.94048
0.05;0.9;10;50.3.2.2.txt;0.682128;0.625181;1.91136
0.05;0.9;10;50.3.2.3.txt;-0.876133;0.126384;1.30374
0.05;0.9;10;50.3.3.1.txt;0.977099;0.231538;2.99514
0.05;0.9;10;50.3.3.2.txt;-0.333333;0.235702;2.31816
0.05;0.9;10;50.3.3.3.txt;-0.231065;0.210933;1.73631
0.05;0.9;10;100.1.1.1.txt;1.46245;0.97421;4.80661
0.05;0.9;10;100.1.1.2.txt;0;0;2.20049
0.05;0.9;10;100.1.1.3.txt;0;0.546669;2.74988
0.05;0.9;10;100.1.2.1.txt;0.389105;0;4.68715
0.05;0.9;10;100.1.2.2.txt;1.04603;0;3.66028
0.05;0.9;10;100.1.2.3.txt;0.430528;0.350069;3.9415
0.05;0.9;10;100.1.3.1.txt;0.215827;0.197023;7.10733
0.05;0.9;10;100.1.3.2.txt;0.636943;0;5.20347
0.05;0.9;10;100.1.3.3.txt;1.70732;0.111326;3.83407
0.05;0.9;10;100.2.1.1.txt;0.330579;0.387638;4.07461
0.05;0.9;10;100.2.1.2.txt;-0.638298;0.94543;3.89759
0.05;0.9;10;100.2.1.3.txt;-0.157729;0;2.25364
0.05;0.9;10;100.2.2.1.txt;0.712251;0.542434;4.72404
0.05;0.9;10;100.2.2.2.txt;1.52493;0.0803112;3.45461
0.05;0.9;10;100.2.2.3.txt;0.0815217;0.121525;3.35633
0.05;0.9;10;100.2.3.1.txt;0.630137;0.343833;6.61995
0.05;0.9;10;100.2.3.2.txt;-0.308555;0.499819;4.44504
0.05;0.9;10;100.2.3.3.txt;0.0629921;0.595517;4.66728
0.05;0.9;10;100.3.1.1.txt;-1.14144;0.970601;4.43227
0.05;0.9;10;100.3.1.2.txt;0.193705;0.162426;3.68451
0.05;0.9;10;100.3.1.3.txt;0.794045;0.417065;2.88323
0.05;0.9;10;100.3.2.1.txt;0.553846;0.295484;5.84193
0.05;0.9;10;100.3.2.2.txt;0.0851064;0.734736;4.41812
0.05;0.9;10;100.3.2.3.txt;-0.342612;0.219421;4.7683
0.05;0.9;10;100.3.3.1.txt;2.08054;0.127536;7.15398
0.05;0.9;10;100.3.3.2.txt;0.784314;0.187471;4.80627
0.05;0.9;10;100.3.3.3.txt;0.355277;0.203695;4.64718
0.1;0.7;2.5;20.1.1.1.txt;-1.21457;0;0.431577
0.1;0.7;2.5;20.1.1.2.txt;0;0;0.311023
0.1;0.7;2.5;20.1.1.3.txt;0;0;0.262774
0.1;0.7;2.5;20.1.2.1.txt;0;0;0.434746
0.1;0.7;2.5;20.1.2.2.txt;0;0;0.382232
0.1;0.7;2.5;20.1.2.3.txt;0;0;0.328455
0.1;0.7;2.5;20.1.3.1.txt;0;0;0.485834
0.1;0.7;2.5;20.1.3.2.txt;1.89274;0;0.483934
0.1;0.7;2.5;20.1.3.3.txt;0;0;0.378443
0.1;0.7;2.5;20.2.1.1.txt;0;0;0.321383
0.1;0.7;2.5;20.2.1.2.txt;0;0;0.355029
0.1;0.7;2.5;20.2.1.3.txt;0;0;0.288779
0.1;0.7;2.5;20.2.2.1.txt;-0.257732;0;0.481932
0.1;0.7;2.5;20.2.2.2.txt;0.190476;0.39123;0.472711
0.1;0.7;2.5;20.2.2.3.txt;0;0;0.520372
0.1;0.7;2.5;20.2.3.1.txt;-0.528302;0.206688;0.297399
0.1;0.7;2.5;20.2.3.2.txt;-0.150943;0.33752;0.498973
0.1;0.7;2.5;20.2.3.3.txt;0;0;0.388236
0.1;0.7;2.5;20.3.1.1.txt;-1.13821;0.296869;0.398458
0.1;0.7;2.5;20.3.1.2.txt;0;0;0.390244
0.1;0.7;2.5;20.3.1.3.txt;-0.358423;0;0.311176
0.1;0.7;2.5;20.3.2.1.txt;0;0;0.00204594
0.1;0.7;2.5;20.3.2.2.txt;0;0;0.0142204
0.1;0.7;2.5;20.3.2.3.txt;-0.2331;3.10317e-17;0.0822136
0.1;0.7;2.5;20.3.3.1.txt;0;0;0.0009008
0.1;0.7;2.5;20.3.3.2.txt;0;0;0.00012894
0.1;0.7;2.5;20.3.3.3.txt;0;0;0.00127914
0.1;0.7;2.5;50.1.1.1.txt;-0.4914;6.20634e-17;1.31255
0.1;0.7;2.5;50.1.1.2.txt;0;0;1.01887
0.1;0.7;2.5;50.1.1.3.txt;0;0;0.681241
0.1;0.7;2.5;50.1.2.1.txt;0;0;1.57773
0.1;0.7;2.5;50.1.2.2.txt;0;0;1.21102
0.1;0.7;2.5;50.1.2.3.txt;0;0;1.00833
0.1;0.7;2.5;50.1.3.1.txt;0;0;2.30903
0.1;0.7;2.5;50.1.3.2.txt;0;0;2.1504
0.1;0.7;2.5;50.1.3.3.txt;-0.566572;0;1.36256
0.1;0.7;2.5;50.2.1.1.txt;-0.564972;0;1.1743
0.1;0.7;2.5;50.2.1.2.txt;0;0;1.15724
0.1;0.7;2.5;50.2.1.3.txt;0;0;0.891581
0.1;0.7;2.5;50.2.2.1.txt;0;0;1.73828
0.1;0.7;2.5;50.2.2.2.txt;-1.23894;0;1.32674
0.1;0.7;2.5;50.2.2.3.txt;0;0;1.73303
0.1;0.7;2.5;50.2.3.1.txt;0;0;2.58941
0.1;0.7;2.5;50.2.3.2.txt;0.185529;0;1.89626
0.1;0.7;2.5;50.2.3.3.txt;-0.410256;0.374511;1.85108
0.1;0.7;2.5;50.3.1.1.txt;-0.324149;0;1.52821
0.1;0.7;2.5;50.3.1.2.txt;-1.27841;0.635247;1.38445
0.1;0.7;2.5;50.3.1.3.txt;-0.644172;0.274364;1.08894
0.1;0.7;2.5;50.3.2.1.txt;0;0;1.67541
0.1;0.7;2.5;50.3.2.2.txt;0.709413;0.325712;2.09889
0.1;0.7;2.5;50.3.2.3.txt;-0.725076;0.579163;1.51901
0.1;0.7;2.5;50.3.3.1.txt;0.854962;0.136554;2.60201
0.1;0.7;2.5;50.3.3.2.txt;-0.166667;0.311805;1.95607
0.1;0.7;2.5;50.3.3.3.txt;-0.308087;0.172226;1.63072
0.1;0.7;2.5;100.1.1.1.txt;1.81818;0.428448;4.68549
0.1;0.7;2.5;100.1.1.2.txt;0;0;2.41924
0.1;0.7;2.5;100.1.1.3.txt;-0.0932401;0.483367;2.66223
0.1;0.7;2.5;100.1.2.1.txt;0.389105;0;5.01324
0.1;0.7;2.5;100.1.2.2.txt;0.920502;0.54554;3.25851
0.1;0.7;2.5;100.1.2.3.txt;0.117417;0.428746;4.29053
0.1;0.7;2.5;100.1.3.1.txt;0.143885;0.197023;7.8378
0.1;0.7;2.5;100.1.3.2.txt;0.721868;0.1899;4.33461
0.1;0.7;2.5;100.1.3.3.txt;1.70732;0.111326;4.3909
0.1;0.7;2.5;100.2.1.1.txt;0.0330579;0.358339;3.82251
0.1;0.7;2.5;100.2.1.2.txt;-0.243161;0.850249;4.10553
0.1;0.7;2.5;100.2.1.3.txt;-0.157729;0;2.13621
0.1;0.7;2.5;100.2.2.1.txt;0.712251;0.42735;5.83818
0.1;0.7;2.5;100.2.2.2.txt;1.55425;0.0803112;3.59654
0.1;0.7;2.5;100.2.2.3.txt;0.0271739;0.148838;3.58335
0.1;0.7;2.5;100.2.3.1.txt;0.849315;0.296979;8.27781
0.1;0.7;2.5;100.2.3.2.txt;-0.392707;0.230458;5.49039
0.1;0.7;2.5;100.2.3.3.txt;0.314961;0.695414;5.06181
0.1;0.7;2.5;100.3.1.1.txt;-1.16625;0.36805;3.8848
0.1;0.7;2.5;100.3.1.2.txt;0.0726392;0.108284;3.36372
0.1;0.7;2.5;100.3.1.3.txt;0.669975;0.579286;3.00894
0.1;0.7;2.5;100.3.2.1.txt;0.328205;0.379626;5.63764
0.1;0.7;2.5;100.3.2.2.txt;0.638298;0.493278;4.40062
0.1;0.7;2.5;100.3.2.3.txt;-0.278373;0.162374;4.36659
0.1;0.7;2.5;100.3.3.1.txt;2.14765;0.2425;7.00021
0.1;0.7;2.5;100.3.3.2.txt;0.495356;0.22373;6.65176
0.1;0.7;2.5;100.3.3.3.txt;-0.188088;0.333725;6.1645
0.1;0.7;5;20.1.1.1.txt;-1.21457;0;0.387125
0.1;0.7;5;20.1.1.2.txt;0;0;0.313556
0.1;0.7;5;20.1.1.3.txt;0;0;0.264453
0.1;0.7;5;20.1.2.1.txt;0;0;0.434407
0.1;0.7;5;20.1.2.2.txt;0;0;0.373972
0.1;0.7;5;20.1.2.3.txt;0;0;0.326057
0.1;0.7;5;20.1.3.1.txt;0;0;0.483829
0.1;0.7;5;20.1.3.2.txt;1.89274;0;0.491281
0.1;0.7;5;20.1.3.3.txt;0;0;0.385028
0.1;0.7;5;20.2.1.1.txt;0;0;0.321792
0.1;0.7;5;20.2.1.2.txt;0;0;0.353767
0.1;0.7;5;20.2.1.3.txt;0;0;0.288265
0.1;0.7;5;20.2.2.1.txt;-0.257732;0;0.483504
0.1;0.7;5;20.2.2.2.txt;-0.238095;3.10317e-17;0.526417
0.1;0.7;5;20.2.2.3.txt;0;0;0.415374
0.1;0.7;5;20.2.3.1.txt;-0.45283;0.16876;0.402497
0.1;0.7;5;20.2.3.2.txt;0;0;0.45614
0.1;0.7;5;20.2.3.3.txt;0;0;0.442996
0.1;0.7;5;20.3.1.1.txt;-1.35501;0;0.534511
0.1;0.7;5;20.3.1.2.txt;0;0;0.363868
0.1;0.7;5;20.3.1.3.txt;-0.358423;0;0.305106
0.1;0.7;5;20.3.2.1.txt;0;0;0.00247236
0.1;0.7;5;20.3.2.2.txt;0;0;0.0164735
0.1;0.7;5;20.3.2.3.txt;-0.2331;3.10317e-17;0.105037
0.1;0.7;5;20.3.3.1.txt;0;0;0.0014399
0.1;0.7;5;20.3.3.2.txt;0;0;0.00013188
0.1;0.7;5;20.3.3.3.txt;0;0;0.00082602
0.1;0.7;5;50.1.1.1.txt;-0.4914;6.20634e-17;1.25055
0.1;0.7;5;50.1.1.2.txt;0;0;1.01031
0.1;0.7;5;50.1.1.3.txt;0;0;0.693881
0.1;0.7;5;50.1.2.1.txt;0;0;1.56662
0.1;0.7;5;50.1.2.2.txt;0;0;1.1321
0.1;0.7;5;50.1.2.3.txt;0;0;0.991272
0.1;0.7;5;50.1.3.1.txt;0;0;2.23502
0.1;0.7;5;50.1.3.2.txt;0;0;2.15764
0.1;0.7;5;50.1.3.3.txt;-0.566572;0;1.34048
0.1;0.7;5;50.2.1.1.txt;-1.58192;1.02805;1.54246
0.1;0.7;5;50.2.1.2.txt;0;0;1.14173
0.1;0.7;5;50.2.1.3.txt;0;0;0.807538
0.1;0.7;5;50.2.2.1.txt;0;0;1.61498
0.1;0.7;5;50.2.2.2.txt;-1.23894;0;1.81036
0.1;0.7;5;50.2.2.3.txt;0.251346;0.562028;1.49837
0.1;0.7;5;50.2.3.1.txt;0;0;2.67986
0.1;0.7;5;50.2.3.2.txt;0.185529;0;1.85419
0.1;0.7;5;50.2.3.3.txt;-0.547009;0.305787;2.21933
0.1;0.7;5;50.3.1.1.txt;-0.356564;0.0724819;1.50683
0.1;0.7;5;50.3.1.2.txt;-1.07955;0.678258;1.77249
0.1;0.7;5;50.3.1.3.txt;-0.644172;0.168013;1.03272
0.1;0.7;5;50.3.2.1.txt;0.0587372;0.0804292;1.9294
0.1;0.7;5;50.3.2.2.txt;0.627558;0.651424;1.73375
0.1;0.7;5;50.3.2.3.txt;-0.694864;0.0827375;1.25011
0.1;0.7;5;50.3.3.1.txt;0.916031;0;2.95815
0.1;0.7;5;50.3.3.2.txt;-0.533333;0.273861;2.52937
0.1;0.7;5;50.3.3.3.txt;-0.0770218;0.172226;1.5653
0.1;0.7;5;100.1.1.1.txt;2.17391;0.419233;4.02359
0.1;0.7;5;100.1.1.2.txt;0;0;2.17828
0.1;0.7;5;100.1.1.3.txt;-0.0932401;0.483367;2.78644
0.1;0.7;5;100.1.2.1.txt;0.389105;0;4.98135
0.1;0.7;5;100.1.2.2.txt;1.29707;0.561356;2.94396
0.1;0.7;5;100.1.2.3.txt;0.234834;0.401055;3.88173
0.1;0.7;5;100.1.3.1.txt;0.0719424;0.160868;6.45968
0.1;0.7;5;100.1.3.2.txt;0.636943;0;5.33638
0.1;0.7;5;100.1.3.3.txt;1.70732;0.111326;4.00543
0.1;0.7;5;100.2.1.1.txt;-0.0661157;0.221759;3.90541
0.1;0.7;5;100.2.1.2.txt;0.0607903;0.437838;3.71801
0.1;0.7;5;100.2.1.3.txt;-0.157729;0;2.41602
0.1;0.7;5;100.2.2.1.txt;0.769231;0.295391;6.28882
0.1;0.7;5;100.2.2.2.txt;1.55425;0.0803112;5.24038
0.1;0.7;5;100.2.2.3.txt;0.0815217;0.121525;3.10724
0.1;0.7;5;100.2.3.1.txt;0.630137;0.300122;6.35565
0.1;0.7;5;100.2.3.2.txt;-0.504909;0.125446;5.99989
0.1;0.7;5;100.2.3.3.txt;0.503937;0.538666;4.17768
0.1;0.7;5;100.3.1.1.txt;-1.38958;0.529298;5.15022
0.1;0.7;5;100.3.1.2.txt;0;0.0856061;4.47909
0.1;0.7;5;100.3.1.3.txt;0.223325;0.355281;3.33
0.1;0.7;5;100.3.2.1.txt;0.184615;0.534909;6.87332
0.1;0.7;5;100.3.2.2.txt;1.17021;0.469775;4.24503
0.1;0.7;5;100.3.2.3.txt;-0.428266;0;4.93544
0.1;0.7;5;100.3.3.1.txt;1.96868;0.367599;7.29793
0.1;0.7;5;100.3.3.2.txt;0.577915;0.339147;5.37753
0.1;0.7;5;100.3.3.3.txt;-0.0208986;0.136242;5.78836
0.1;0.7;10;20.1.1.1.txt;-1.21457;0;0.452089
0.1;0.7;10;20.1.1.2.txt;0;0;0.313997
0.1;0.7;10;20.1.1.3.txt;0;0;0.264528
0.1;0.7;10;20.1.2.1.txt;0;0;0.430075
0.1;0.7;10;20.1.2.2.txt;0;0;0.371811
0.1;0.7;10;20.1.2.3.txt;0;0;0.328534
0.1;0.7;10;20.1.3.1.txt;0;0;0.491049
0.1;0.7;10;20.1.3.2.txt;1.89274;0;0.474175
0.1;0.7;10;20.1.3.3.txt;0;0;0.381709
0.1;0.7;10;20.2.1.1.txt;0;0;0.317901
0.1;0.7;10;20.2.1.2.txt;0;0;0.351369
0.1;0.7;10;20.2.1.3.txt;0;0;0.288064
0.1;0.7;10;20.2.2.1.txt;-0.257732;0;0.459115
0.1;0.7;10;20.2.2.2.txt;-0.238095;3.10317e-17;0.514451
0.1;0.7;10;20.2.2.3.txt;0.577617;1.29159;0.600613
0.1;0.7;10;20.2.3.1.txt;-0.377358;0;0.48231
0.1;0.7;10;20.2.3.2.txt;-0.150943;0.33752;0.527534
0.1;0.7;10;20.2.3.3.txt;0;0;0.40107
0.1;0.7;10;20.3.1.1.txt;-1.13821;0.296869;0.521434
0.1;0.7;10;20.3.1.2.txt;0;0;0.361154
0.1;0.7;10;20.3.1.3.txt;-0.358423;0;0.344208
0.1;0.7;10;20.3.2.1.txt;0;0;0.0023714
0.1;0.7;10;20.3.2.2.txt;0;0;0.0133768
0.1;0.7;10;20.3.2.3.txt;-0.2331;3.10317e-17;0.0971834
0.1;0.7;10;20.3.3.1.txt;0;0;0.00156136
0.1;0.7;10;20.3.3.2.txt;0;0;0.00013808
0.1;0.7;10;20.3.3.3.txt;0;0;0.00076494
0.1;0.7;10;50.1.1.1.txt;-0.4914;6.20634e-17;1.27338
0.1;0.7;10;50.1.1.2.txt;0;0;1.02794
0.1;0.7;10;50.1.1.3.txt;0;0;0.675862
0.1;0.7;10;50.1.2.1.txt;0;0;1.64272
0.1;0.7;10;50.1.2.2.txt;0;0;1.16545
0.1;0.7;10;50.1.2.3.txt;0;0;1.05016
0.1;0.7;10;50.1.3.1.txt;0;0;2.2259
0.1;0.7;10;50.1.3.2.txt;0;0;2.10096
0.1;0.7;10;50.1.3.3.txt;-0.566572;0;1.31926
0.1;0.7;10;50.2.1.1.txt;-2.37288;0.168442;2.25212
0.1;0.7;10;50.2.1.2.txt;0;0;1.2193
0.1;0.7;10;50.2.1.3.txt;-0.0941176;0.210453;0.863261
0.1;0.7;10;50.2.2.1.txt;0;0;2.02397
0.1;0.7;10;50.2.2.2.txt;-1.13274;0.237459;1.40836
0.1;0.7;10;50.2.2.3.txt;0;0;1.68744
0.1;0.7;10;50.2.3.1.txt;0.132231;0.295678;2.68682
0.1;0.7;10;50.2.3.2.txt;-0.111317;0.406473;1.84288
0.1;0.7;10;50.2.3.3.txt;-0.547009;0.305787;1.91619
0.1;0.7;10;50.3.1.1.txt;-0.324149;0;1.8318
0.1;0.7;10;50.3.1.2.txt;-1.5625;0;1.3381
0.1;0.7;10;50.3.1.3.txt;-0.705521;0.137182;1.59281
0.1;0.7;10;50.3.2.1.txt;0;0;1.9518
0.1;0.7;10;50.3.2.2.txt;0.0545703;0.506799;1.91421
0.1;0.7;10;50.3.2.3.txt;-0.876133;0.126384;1.16584
0.1;0.7;10;50.3.3.1.txt;0.885496;0.167244;3.34854
0.1;0.7;10;50.3.3.2.txt;-0.333333;0.235702;2.47669
0.1;0.7;10;50.3.3.3.txt;-0.231065;0.210933;1.67332
0.1;0.7;10;100.1.1.1.txt;2.41107;0.216491;3.88742
0.1;0.7;10;100.1.1.2.txt;0;0;2.40581
0.1;0.7;10;100.1.1.3.txt;-0.37296;0.208491;2.89192
0.1;0.7;10;100.1.2.1.txt;0.389105;0;4.33248
0.1;0.7;10;100.1.2.2.txt;0.627615;0.572932;3.73947
0.1;0.7;10;100.1.2.3.txt;0.273973;0.428746;3.92638
0.1;0.7;10;100.1.3.1.txt;0.143885;0.197023;8.93044
0.1;0.7;10;100.1.3.2.txt;0.679406;0.0949498;4.45749
0.1;0.7;10;100.1.3.3.txt;1.66667;0.0908971;4.45616
0.1;0.7;10;100.2.1.1.txt;-0.165289;0;4.10919
0.1;0.7;10;100.2.1.2.txt;-0.182371;0.166481;4.37772
0.1;0.7;10;100.2.1.3.txt;-0.157729;0;2.51735
0.1;0.7;10;100.2.2.1.txt;1.1396;0.174465;3.8314
0.1;0.7;10;100.2.2.2.txt;1.55425;0.0803112;3.56754
0.1;0.7;10;100.2.2.3.txt;0.0271739;0.148838;3.6168
0.1;0.7;10;100.2.3.1.txt;0.547945;0.375152;6.40242
0.1;0.7;10;100.2.3.2.txt;-0.476858;0.273402;5.79392
0.1;0.7;10;100.2.3.3.txt;0.125984;0.561214;4.77738
0.1;0.7;10;100.3.1.1.txt;-1.01737;0.507018;6.36433
0.1;0.7;10;100.3.1.2.txt;0.0726392;0.202581;3.78469
0.1;0.7;10;100.3.1.3.txt;0.421836;0.388399;3.10908
0.1;0.7;10;100.3.2.1.txt;0.246154;0.212681;5.75428
0.1;0.7;10;100.3.2.2.txt;0.446809;0.723091;5.14615
0.1;0.7;10;100.3.2.3.txt;-0.364026;0.143645;3.32343
0.1;0.7;10;100.3.3.1.txt;1.78971;0.547984;8.03235
0.1;0.7;10;100.3.3.2.txt;0.639835;0.134555;6.53975
0.1;0.7;10;100.3.3.3.txt;0.376176;0.487884;4.98591
0.1;0.8;2.5;20.1.1.1.txt;-0.728745;0.66525;0.392936
0.1;0.8;2.5;20.1.1.2.txt;0;0;0.310957
0.1;0.8;2.5;20.1.1.3.txt;0;0;0.262777
0.1;0.8;2.5;20.1.2.1.txt;0;0;0.428609
0.1;0.8;2.5;20.1.2.2.txt;0;0;0.377241
0.1;0.8;2.5;20.1.2.3.txt;0;0;0.329946
0.1;0.8;2.5;20.1.3.1.txt;0;0;0.484438
0.1;0.8;2.5;20.1.3.2.txt;1.89274;0;0.478067
0.1;0.8;2.5;20.1.3.3.txt;0;0;0.378124
0.1;0.8;2.5;20.2.1.1.txt;0;0;0.316547
0.1;0.8;2.5;20.2.1.2.txt;0;0;0.352497
0.1;0.8;2.5;20.2.1.3.txt;0;0;0.284333
0.1;0.8;2.5;20.2.2.1.txt;-0.257732;0;0.443699
0.1;0.8;2.5;20.2.2.2.txt;-0.0952381;0.319438;0.483464
0.1;0.8;2.5;20.2.2.3.txt;0;0;0.495151
0.1;0.8;2.5;20.2.3.1.txt;-0.377358;0;0.479118
0.1;0.8;2.5;20.2.3.2.txt;0;0;0.461266
0.1;0.8;2.5;20.2.3.3.txt;0;0;0.403782
0.1;0.8;2.5;20.3.1.1.txt;-1.02981;0.296869;0.446198
0.1;0.8;2.5;20.3.1.2.txt;0;0;0.360434
0.1;0.8;2.5;20.3.1.3.txt;-0.358423;0;0.302083
0.1;0.8;2.5;20.3.2.1.txt;0;0;0.00180168
0.1;0.8;2.5;20.3.2.2.txt;0;0;0.0280861
0.1;0.8;2.5;20.3.2.3.txt;-0.2331;3.10317e-17;0.0687646
0.1;0.8;2.5;20.3.3.1.txt;0;0;0.0010506
0.1;0.8;2.5;20.3.3.2.txt;0;0;0.0001375
0.1;0.8;2.5;20.3.3.3.txt;0;0;0.00076936
0.1;0.8;2.5;50.1.1.1.txt;-0.4914;6.20634e-17;1.25775
0.1;0.8;2.5;50.1.1.2.txt;0;0;1.01005
0.1;0.8;2.5;50.1.1.3.txt;0;0;0.679937
0.1;0.8;2.5;50.1.2.1.txt;0;0;1.54682
0.1;0.8;2.5;50.1.2.2.txt;0;0;1.13569
0.1;0.8;2.5;50.1.2.3.txt;0;0;1.08021
0.1;0.8;2.5;50.1.3.1.txt;0;0;2.25303
0.1;0.8;2.5;50.1.3.2.txt;0;0;2.0197
0.1;0.8;2.5;50.1.3.3.txt;-0.566572;0;1.31495
0.1;0.8;2.5;50.2.1.1.txt;-1.3936;1.5392;1.64578
0.1;0.8;2.5;50.2.1.2.txt;0;0;1.12042
0.1;0.8;2.5;50.2.1.3.txt;0;0;0.921839
0.1;0.8;2.5;50.2.2.1.txt;0;0;1.70304
0.1;0.8;2.5;50.2.2.2.txt;-0.849558;0.618204;1.50491
0.1;0.8;2.5;50.2.2.3.txt;0.287253;0.642318;1.49578
0.1;0.8;2.5;50.2.3.1.txt;0;0;3.03426
0.1;0.8;2.5;50.2.3.2.txt;0.0371058;0.331884;1.90491
0.1;0.8;2.5;50.2.3.3.txt;-0.410256;0.374511;1.66569
0.1;0.8;2.5;50.3.1.1.txt;-0.324149;0.114604;1.61193
0.1;0.8;2.5;50.3.1.2.txt;-0.880682;1.06012;1.45511
0.1;0.8;2.5;50.3.1.3.txt;-0.582822;0.168013;1.36767
0.1;0.8;2.5;50.3.2.1.txt;0;0;1.99023
0.1;0.8;2.5;50.3.2.2.txt;0.545703;0.586789;1.71768
0.1;0.8;2.5;50.3.2.3.txt;-0.996979;0.0827375;1.39602
0.1;0.8;2.5;50.3.3.1.txt;0.854962;0.136554;2.72042
0.1;0.8;2.5;50.3.3.2.txt;-0.4;0.223607;2.40752
0.1;0.8;2.5;50.3.3.3.txt;-0.231065;0.210933;1.58064
0.1;0.8;2.5;100.1.1.1.txt;1.66008;1.14897;5.53677
0.1;0.8;2.5;100.1.1.2.txt;0;0;2.35194
0.1;0.8;2.5;100.1.1.3.txt;0.27972;0.580415;2.44926
0.1;0.8;2.5;100.1.2.1.txt;0.389105;0;4.7422
0.1;0.8;2.5;100.1.2.2.txt;0.83682;0.467797;3.65216
0.1;0.8;2.5;100.1.2.3.txt;-0.0391389;0.350069;3.71897
0.1;0.8;2.5;100.1.3.1.txt;0;0;8.05734
0.1;0.8;2.5;100.1.3.2.txt;0.636943;0;5.74367
0.1;0.8;2.5;100.1.3.3.txt;1.70732;0.111326;4.62587
0.1;0.8;2.5;100.2.1.1.txt;0.0661157;0.362131;3.91849
0.1;0.8;2.5;100.2.1.2.txt;-0.182371;0.460965;3.35815
0.1;0.8;2.5;100.2.1.3.txt;-0.157729;0;2.44548
0.1;0.8;2.5;100.2.2.1.txt;0.740741;0.395283;4.85519
0.1;0.8;2.5;100.2.2.2.txt;1.55425;0.0803112;3.73252
0.1;0.8;2.5;100.2.2.3.txt;0.0271739;0.243051;3.15117
0.1;0.8;2.5;100.2.3.1.txt;0.767123;0.229222;6.77618
0.1;0.8;2.5;100.2.3.2.txt;-0.532959;0.479737;7.12917
0.1;0.8;2.5;100.2.3.3.txt;-0.0629921;0.306986;4.88081
0.1;0.8;2.5;100.3.1.1.txt;-1.51365;0.856888;6.54512
0.1;0.8;2.5;100.3.1.2.txt;0.242131;0.242131;4.1549
0.1;0.8;2.5;100.3.1.3.txt;0.57072;0.452471;3.77439
0.1;0.8;2.5;100.3.2.1.txt;0.123077;0.443523;6.01738
0.1;0.8;2.5;100.3.2.2.txt;0.510638;0.828832;4.95575
0.1;0.8;2.5;100.3.2.3.txt;-0.192719;0.437534;4.80537
0.1;0.8;2.5;100.3.3.1.txt;1.92394;0.300143;7.05469
0.1;0.8;2.5;100.3.3.2.txt;0.433437;0.313019;7.40242
0.1;0.8;2.5;100.3.3.3.txt;-0.167189;0.189821;4.86083
0.1;0.8;5;20.1.1.1.txt;-1.21457;0;0.386634
0.1;0.8;5;20.1.1.2.txt;0;0;0.31175
0.1;0.8;5;20.1.1.3.txt;0;0;0.263873
0.1;0.8;5;20.1.2.1.txt;0;0;0.431292
0.1;0.8;5;20.1.2.2.txt;0;0;0.375957
0.1;0.8;5;20.1.2.3.txt;0;0;0.328957
0.1;0.8;5;20.1.3.1.txt;0;0;0.488788
0.1;0.8;5;20.1.3.2.txt;1.89274;0;0.478966
0.1;0.8;5;20.1.3.3.txt;0;0;0.385859
0.1;0.8;5;20.2.1.1.txt;0;0;0.317867
0.1;0.8;5;20.2.1.2.txt;0;0;0.353026
0.1;0.8;5;20.2.1.3.txt;0;0;0.28519
0.1;0.8;5;20.2.2.1.txt;-0.257732;0;0.479799
0.1;0.8;5;20.2.2.2.txt;-0.238095;3.10317e-17;0.487336
0.1;0.8;5;20.2.2.3.txt;0;0;0.482627
0.1;0.8;5;20.2.3.1.txt;-0.528302;0.206688;0.42845
0.1;0.8;5;20.2.3.2.txt;-0.150943;0.33752;0.518838
0.1;0.8;5;20.2.3.3.txt;0;0;0.386087
0.1;0.8;5;20.3.1.1.txt;-1.13821;0.296869;0.504598
0.1;0.8;5;20.3.1.2.txt;0;0;0.365354
0.1;0.8;5;20.3.1.3.txt;-0.358423;0;0.30605
0.1;0.8;5;20.3.2.1.txt;0;0;0.0015329
0.1;0.8;5;20.3.2.2.txt;0;0;0.021964
0.1;0.8;5;20.3.2.3.txt;-0.2331;3.10317e-17;0.107137
0.1;0.8;5;20.3.3.1.txt;0;0;0.00129504
0.1;0.8;5;20.3.3.2.txt;0;0;0.00013362
0.1;0.8;5;20.3.3.3.txt;0;0;0.00129022
0.1;0.8;5;50.1.1.1.txt;-0.4914;6.20634e-17;1.34966
0.1;0.8;5;50.1.1.2.txt;0;0;1.05993
0.1;0.8;5;50.1.1.3.txt;0;0;0.67966
0.1;0.8;5;50.1.2.1.txt;0;0;1.52501
0.1;0.8;5;50.1.2.2.txt;0;0;1.21428
0.1;0.8;5;50.1.2.3.txt;0;0;1.02202
0.1;0.8;5;50.1.3.1.txt;0;0;1.92153
0.1;0.8;5;50.1.3.2.txt;0;0;1.96758
0.1;0.8;5;50.1.3.3.txt;-0.566572;0;1.29931
0.1;0.8;5;50.2.1.1.txt;-1.31827;1.03149;1.49824
0.1;0.8;5;50.2.1.2.txt;0;0;1.21244
0.1;0.8;5;50.2.1.3.txt;-0.188235;0.257752;1.05644
0.1;0.8;5;50.2.2.1.txt;0;0;1.62946
0.1;0.8;5;50.2.2.2.txt;-1.13274;0.237459;1.5487
0.1;0.8;5;50.2.2.3.txt;0.502693;0.688341;1.7267
0.1;0.8;5;50.2.3.1.txt;0;0;2.92911
0.1;0.8;5;50.2.3.2.txt;0.0371058;0.331884;2.02718
0.1;0.8;5;50.2.3.3.txt;-0.136752;0.305787;1.61574
0.1;0.8;5;50.3.1.1.txt;-0.291734;0.0724819;1.34949
0.1;0.8;5;50.3.1.2.txt;-1.27841;0.635247;1.78446
0.1;0.8;5;50.3.1.3.txt;-0.582822;0.274364;1.44901
0.1;0.8;5;50.3.2.1.txt;0;0;2.10357
0.1;0.8;5;50.3.2.2.txt;0.436562;0.557512;1.64769
0.1;0.8;5;50.3.2.3.txt;-0.785498;0.445555;1.37981
0.1;0.8;5;50.3.3.1.txt;0.916031;0;2.73173
0.1;0.8;5;50.3.3.2.txt;-0.2;0.273861;2.16055
0.1;0.8;5;50.3.3.3.txt;-0.385109;0;1.7959
0.1;0.8;5;100.1.1.1.txt;0.869565;1.19887;5.19312
0.1;0.8;5;100.1.1.2.txt;0;0;2.49207
0.1;0.8;5;100.1.1.3.txt;-0.04662;0.255349;2.32463
0.1;0.8;5;100.1.2.1.txt;0.389105;0;4.78817
0.1;0.8;5;100.1.2.2.txt;1.04603;0;3.42545
0.1;0.8;5;100.1.2.3.txt;0.117417;0.428746;4.1267
0.1;0.8;5;100.1.3.1.txt;0.143885;0.197023;6.92948
0.1;0.8;5;100.1.3.2.txt;0.679406;0.0949498;4.61339
0.1;0.8;5;100.1.3.3.txt;1.74797;0.111326;5.76551
0.1;0.8;5;100.2.1.1.txt;0.0661157;0.342751;3.44339
0.1;0.8;5;100.2.1.2.txt;0.0911854;0.396304;3.75414
0.1;0.8;5;100.2.1.3.txt;-0.157729;0;2.33876
0.1;0.8;5;100.2.2.1.txt;0.740741;0.546162;5.38296
0.1;0.8;5;100.2.2.2.txt;1.52493;0.0803112;3.55094
0.1;0.8;5;100.2.2.3.txt;0.0271739;0.148838;3.43451
0.1;0.8;5;100.2.3.1.txt;0.575342;0.4155;7.63248
0.1;0.8;5;100.2.3.2.txt;-0.308555;0.376337;6.03527
0.1;0.8;5;100.2.3.3.txt;0.0629921;0.595517;3.8188
0.1;0.8;5;100.3.1.1.txt;-1.14144;1.10415;4.66577
0.1;0.8;5;100.3.1.2.txt;0.460048;0.414107;4.06792
0.1;0.8;5;100.3.1.3.txt;0.620347;0.511552;4.72485
0.1;0.8;5;100.3.2.1.txt;0.307692;0.452911;6.17727
0.1;0.8;5;100.3.2.2.txt;-0.0212766;0.414757;4.80203
0.1;0.8;5;100.3.2.3.txt;-0.449679;0.0478815;4.41064
0.1;0.8;5;100.3.3.1.txt;1.85682;0.539934;6.94886
0.1;0.8;5;100.3.3.2.txt;0.660475;0.297314;7.63644
0.1;0.8;5;100.3.3.3.txt;-0.0208986;0.633025;6.31863
0.1;0.8;10;20.1.1.1.txt;-0.97166;0.543174;0.356739
0.1;0.8;10;20.1.1.2.txt;0;0;0.311453
0.1;0.8;10;20.1.1.3.txt;0;0;0.25417
0.1;0.8;10;20.1.2.1.txt;0;0;0.433323
0.1;0.8;10;20.1.2.2.txt;0;0;0.372254
0.1;0.8;10;20.1.2.3.txt;0;0;0.32579
0.1;0.8;10;20.1.3.1.txt;0;0;0.488188
0.1;0.8;10;20.1.3.2.txt;1.89274;0;0.485376
0.1;0.8;10;20.1.3.3.txt;0;0;0.382607
0.1;0.8;10;20.2.1.1.txt;0;0;0.318143
0.1;0.8;10;20.2.1.2.txt;0;0;0.35053
0.1;0.8;10;20.2.1.3.txt;0;0;0.285609
0.1;0.8;10;20.2.2.1.txt;-0.206186;0.115261;0.482804
0.1;0.8;10;20.2.2.2.txt;-0.0952381;0.319438;0.474129
0.1;0.8;10;20.2.2.3.txt;0;0;0.626622
0.1;0.8;10;20.2.3.1.txt;-0.603774;0.206688;0.376619
0.1;0.8;10;20.2.3.2.txt;0;0;0.458301
0.1;0.8;10;20.2.3.3.txt;0;0;0.381496
0.1;0.8;10;20.3.1.1.txt;-0.921409;0.242392;0.425631
0.1;0.8;10;20.3.1.2.txt;0;0;0.354276
0.1;0.8;10;20.3.1.3.txt;-0.645161;0.641166;0.343786
0.1;0.8;10;20.3.2.1.txt;0;0;0.00289128
0.1;0.8;10;20.3.2.2.txt;0;0;0.0115006
0.1;0.8;10;20.3.2.3.txt;-0.2331;3.10317e-17;0.0987919
0.1;0.8;10;20.3.3.1.txt;0;0;0.0008823
0.1;0.8;10;20.3.3.2.txt;0;0;0.00013156
0.1;0.8;10;20.3.3.3.txt;0;0;0.00149204
0.1;0.8;10;50.1.1.1.txt;-0.4914;6.20634e-17;1.36417
0.1;0.8;10;50.1.1.2.txt;0;0;1.04927
0.1;0.8;10;50.1.1.3.txt;0;0;0.69075
0.1;0.8;10;50.1.2.1.txt;0;0;1.55245
0.1;0.8;10;50.1.2.2.txt;0;0;1.1605
0.1;0.8;10;50.1.2.3.txt;0;0;1.00413
0.1;0.8;10;50.1.3.1.txt;0;0;2.32025
0.1;0.8;10;50.1.3.2.txt;0;0;2.00733
0.1;0.8;10;50.1.3.3.txt;-0.566572;0;1.36819
0.1;0.8;10;50.2.1.1.txt;-0.86629;0.673768;1.56955
0.1;0.8;10;50.2.1.2.txt;0;0;1.16802
0.1;0.8;10;50.2.1.3.txt;-0.0941176;0.210453;0.95952
0.1;0.8;10;50.2.2.1.txt;0;0;1.84598
0.1;0.8;10;50.2.2.2.txt;-1.23894;0;1.52377
0.1;0.8;10;50.2.2.3.txt;0.251346;0.562028;1.56163
0.1;0.8;10;50.2.3.1.txt;0;0;2.52727
0.1;0.8;10;50.2.3.2.txt;-0.25974;0.406473;2.05705
0.1;0.8;10;50.2.3.3.txt;-0.547009;0.305787;1.68703
0.1;0.8;10;50.3.1.1.txt;-0.356564;0.0724819;1.63365
0.1;0.8;10;50.3.1.2.txt;-1.5625;0;1.82586
0.1;0.8;10;50.3.1.3.txt;-0.582822;0.274364;1.365
0.1;0.8;10;50.3.2.1.txt;0;0;1.76009
0.1;0.8;10;50.3.2.2.txt;0.218281;0.583608;1.56558
0.1;0.8;10;50.3.2.3.txt;-0.876133;0.165475;1.22598
0.1;0.8;10;50.3.3.1.txt;0.824427;0.398119;3.18085
0.1;0.8;10;50.3.3.2.txt;-0.4;0.223607;2.20109
0.1;0.8;10;50.3.3.3.txt;-0.154044;0.210933;1.52419
0.1;0.8;10;100.1.1.1.txt;2.33202;0.731492;4.08177
0.1;0.8;10;100.1.1.2.txt;0;0;2.36658
0.1;0.8;10;100.1.1.3.txt;-0.41958;0.104246;2.30942
0.1;0.8;10;100.1.2.1.txt;0.389105;0;4.56007
0.1;0.8;10;100.1.2.2.txt;1.29707;0.561356;3.03366
0.1;0.8;10;100.1.2.3.txt;0.273973;0.428746;3.92565
0.1;0.8;10;100.1.3.1.txt;0.107914;0.160868;7.93039
0.1;0.8;10;100.1.3.2.txt;0.636943;0;5.95626
0.1;0.8;10;100.1.3.3.txt;1.70732;0.111326;5.41799
0.1;0.8;10;100.2.1.1.txt;-0.0661157;0.221759;3.27794
0.1;0.8;10;100.2.1.2.txt;0.0607903;0.315143;3.46388
0.1;0.8;10;100.2.1.3.txt;-0.157729;0;2.14203
0.1;0.8;10;100.2.2.1.txt;0.854701;0.40291;5.06653
0.1;0.8;10;100.2.2.2.txt;1.4956;0.0655738;4.13102
0.1;0.8;10;100.2.2.3.txt;0.0543478;0.121525;3.65097
0.1;0.8;10;100.2.3.1.txt;0.520548;0.150061;7.41511
0.1;0.8;10;100.2.3.2.txt;-0.532959;0.230458;7.5109
0.1;0.8;10;100.2.3.3.txt;-0.251969;0.238831;5.35236
0.1;0.8;10;100.3.1.1.txt;-0.694789;0.417065;5.61288
0.1;0.8;10;100.3.1.2.txt;0.121065;0.148274;2.9633
0.1;0.8;10;100.3.1.3.txt;0.545906;0.469173;3.01155
0.1;0.8;10;100.3.2.1.txt;0.184615;0.449413;6.04539
0.1;0.8;10;100.3.2.2.txt;0.148936;0.64972;6.34956
0.1;0.8;10;100.3.2.3.txt;-0.214133;0.393387;4.11238
0.1;0.8;10;100.3.3.1.txt;1.76734;0.784594;8.76498
0.1;0.8;10;100.3.3.2.txt;0.598555;0.169574;5.08589
0.1;0.8;10;100.3.3.3.txt;-0.250784;0.358946;5.52575
0.1;0.9;2.5;20.1.1.1.txt;-0.97166;0.543174;0.449443
0.1;0.9;2.5;20.1.1.2.txt;0;0;0.315596
0.1;0.9;2.5;20.1.1.3.txt;0;0;0.257529
0.1;0.9;2.5;20.1.2.1.txt;0;0;0.431603
0.1;0.9;2.5;20.1.2.2.txt;0;0;0.369495
0.1;0.9;2.5;20.1.2.3.txt;0;0;0.325733
0.1;0.9;2.5;20.1.3.1.txt;0;0;0.483095
0.1;0.9;2.5;20.1.3.2.txt;1.89274;0;0.496929
0.1;0.9;2.5;20.1.3.3.txt;0;0;0.378103
0.1;0.9;2.5;20.2.1.1.txt;0;0;0.318672
0.1;0.9;2.5;20.2.1.2.txt;0;0;0.350018
0.1;0.9;2.5;20.2.1.3.txt;0;0;0.288081
0.1;0.9;2.5;20.2.2.1.txt;-0.257732;0;0.462347
0.1;0.9;2.5;20.2.2.2.txt;0.333333;0.319438;0.455206
0.1;0.9;2.5;20.2.2.3.txt;0;0;0.523744
0.1;0.9;2.5;20.2.3.1.txt;-0.45283;0.16876;0.379005
0.1;0.9;2.5;20.2.3.2.txt;-0.301887;0.413376;0.527177
0.1;0.9;2.5;20.2.3.3.txt;0;0;0.391718
0.1;0.9;2.5;20.3.1.1.txt;-1.13821;0.296869;0.490254
0.1;0.9;2.5;20.3.1.2.txt;0;0;0.368398
0.1;0.9;2.5;20.3.1.3.txt;-0.358423;0;0.363567
0.1;0.9;2.5;20.3.2.1.txt;0;0;0.00191476
0.1;0.9;2.5;20.3.2.2.txt;0;0;0.0170898
0.1;0.9;2.5;20.3.2.3.txt;-0.2331;3.10317e-17;0.126905
0.1;0.9;2.5;20.3.3.1.txt;0;0;0.0013119
0.1;0.9;2.5;20.3.3.2.txt;0;0;0.00012772
0.1;0.9;2.5;20.3.3.3.txt;0;0;0.00056484
0.1;0.9;2.5;50.1.1.1.txt;-0.4914;6.20634e-17;1.40709
0.1;0.9;2.5;50.1.1.2.txt;0;0;1.00978
0.1;0.9;2.5;50.1.1.3.txt;0;0;0.682742
0.1;0.9;2.5;50.1.2.1.txt;0;0;1.49432
0.1;0.9;2.5;50.1.2.2.txt;0;0;1.1464
0.1;0.9;2.5;50.1.2.3.txt;0;0;1.00941
0.1;0.9;2.5;50.1.3.1.txt;0;0;2.23021
0.1;0.9;2.5;50.1.3.2.txt;0;0;2.11752
0.1;0.9;2.5;50.1.3.3.txt;-0.566572;0;1.32108
0.1;0.9;2.5;50.2.1.1.txt;-0.94162;1.35802;1.54419
0.1;0.9;2.5;50.2.1.2.txt;0;0;1.1187
0.1;0.9;2.5;50.2.1.3.txt;-0.282353;0.257752;1.00897
0.1;0.9;2.5;50.2.2.1.txt;0;0;2.1123
0.1;0.9;2.5;50.2.2.2.txt;-1.23894;0;2.03895
0.1;0.9;2.5;50.2.2.3.txt;0.32316;0.722607;1.3216
0.1;0.9;2.5;50.2.3.1.txt;0;0;2.59739
0.1;0.9;2.5;50.2.3.2.txt;0.0371058;0.331884;1.9777
0.1;0.9;2.5;50.2.3.3.txt;-0.683761;0;1.68287
0.1;0.9;2.5;50.3.1.1.txt;-0.324149;0;1.70761
0.1;0.9;2.5;50.3.1.2.txt;-1.5625;0;1.70511
0.1;0.9;2.5;50.3.1.3.txt;-0.398773;0.256644;1.33316
0.1;0.9;2.5;50.3.2.1.txt;0;0;2.13314
0.1;0.9;2.5;50.3.2.2.txt;0.354707;0.699639;1.73906
0.1;0.9;2.5;50.3.2.3.txt;-1.02719;0.0675549;1.88927
0.1;0.9;2.5;50.3.3.1.txt;0.916031;0.285623;2.86756
0.1;0.9;2.5;50.3.3.2.txt;-0.7;0.273861;2.37423
0.1;0.9;2.5;50.3.3.3.txt;-0.385109;0;1.56639
0.1;0.9;2.5;100.1.1.1.txt;2.17391;0.609132;4.0368
0.1;0.9;2.5;100.1.1.2.txt;0;0;2.31361
0.1;0.9;2.5;100.1.1.3.txt;-0.27972;0.195026;3.08509
0.1;0.9;2.5;100.1.2.1.txt;0.389105;0;4.7135
0.1;0.9;2.5;100.1.2.2.txt;1.04603;0;3.27098
0.1;0.9;2.5;100.1.2.3.txt;0.273973;0.428746;4.73231
0.1;0.9;2.5;100.1.3.1.txt;0.0719424;0.160868;8.08526
0.1;0.9;2.5;100.1.3.2.txt;0.636943;0;4.80014
0.1;0.9;2.5;100.1.3.3.txt;1.82927;0.143721;4.75381
0.1;0.9;2.5;100.2.1.1.txt;0;0.369598;3.28963
0.1;0.9;2.5;100.2.1.2.txt;-0.820669;0.836557;3.48848
0.1;0.9;2.5;100.2.1.3.txt;0.0946372;0.564307;2.20068
0.1;0.9;2.5;100.2.2.1.txt;0.911681;0.468139;6.19505
0.1;0.9;2.5;100.2.2.2.txt;1.46628;0;4.96822
0.1;0.9;2.5;100.2.2.3.txt;0.0815217;0.0744188;3.17112
0.1;0.9;2.5;100.2.3.1.txt;0.520548;0.245049;6.47639
0.1;0.9;2.5;100.2.3.2.txt;-0.56101;0.328921;5.47242
0.1;0.9;2.5;100.2.3.3.txt;0.0314961;0.35911;5.38349
0.1;0.9;2.5;100.3.1.1.txt;-1.14144;0.442147;4.38332
0.1;0.9;2.5;100.3.1.2.txt;0.169492;0.202581;4.34655
0.1;0.9;2.5;100.3.1.3.txt;0.347395;0.268976;3.39783
0.1;0.9;2.5;100.3.2.1.txt;-0.0410256;0.23612;7.36488
0.1;0.9;2.5;100.3.2.2.txt;0.851064;0.493278;4.64862
0.1;0.9;2.5;100.3.2.3.txt;-0.471092;0.0586427;4.62632
0.1;0.9;2.5;100.3.3.1.txt;1.67785;0.447427;9.44844
0.1;0.9;2.5;100.3.3.2.txt;0.804954;0.198508;5.72024
0.1;0.9;2.5;100.3.3.3.txt;0.250784;0.309977;5.00444
0.1;0.9;5;20.1.1.1.txt;-0.48583;0.66525;0.36191
0.1;0.9;5;20.1.1.2.txt;0;0;0.312814
0.1;0.9;5;20.1.1.3.txt;0;0;0.257641
0.1;0.9;5;20.1.2.1.txt;0;0;0.433077
0.1;0.9;5;20.1.2.2.txt;0;0;0.367245
0.1;0.9;5;20.1.2.3.txt;0;0;0.329651
0.1;0.9;5;20.1.3.1.txt;0;0;0.491717
0.1;0.9;5;20.1.3.2.txt;1.89274;0;0.478404
0.1;0.9;5;20.1.3.3.txt;0;0;0.38013
0.1;0.9;5;20.2.1.1.txt;0;0;0.316891
0.1;0.9;5;20.2.1.2.txt;0;0;0.352397
0.1;0.9;5;20.2.1.3.txt;0;0;0.287828
0.1;0.9;5;20.2.2.1.txt;-0.257732;0;0.447724
0.1;0.9;5;20.2.2.2.txt;-0.238095;3.10317e-17;0.526443
0.1;0.9;5;20.2.2.3.txt;0.577617;1.29159;0.440962
0.1;0.9;5;20.2.3.1.txt;-0.603774;0.206688;0.353079
0.1;0.9;5;20.2.3.2.txt;-0.150943;0.33752;0.48975
0.1;0.9;5;20.2.3.3.txt;0;0;0.405824
0.1;0.9;5;20.3.1.1.txt;-1.13821;0.296869;0.448912
0.1;0.9;5;20.3.1.2.txt;0;0;0.353883
0.1;0.9;5;20.3.1.3.txt;-0.358423;0;0.360015
0.1;0.9;5;20.3.2.1.txt;0;0;0.00305014
0.1;0.9;5;20.3.2.2.txt;0;0;0.0150828
0.1;0.9;5;20.3.2.3.txt;-0.2331;3.10317e-17;0.0483387
0.1;0.9;5;20.3.3.1.txt;0;0;0.00110348
0.1;0.9;5;20.3.3.2.txt;0;0;0.00012742
0.1;0.9;5;20.3.3.3.txt;0;0;0.00074132
0.1;0.9;5;50.1.1.1.txt;-0.4914;6.20634e-17;1.28199
0.1;0.9;5;50.1.1.2.txt;0;0;0.997207
0.1;0.9;5;50.1.1.3.txt;0;0;0.692188
0.1;0.9;5;50.1.2.1.txt;0;0;1.56723
0.1;0.9;5;50.1.2.2.txt;0;0;1.15589
0.1;0.9;5;50.1.2.3.txt;0;0;1.01214
0.1;0.9;5;50.1.3.1.txt;0;0;2.03922
0.1;0.9;5;50.1.3.2.txt;0;0;1.84432
0.1;0.9;5;50.1.3.3.txt;-0.566572;0;1.30715
0.1;0.9;5;50.2.1.1.txt;-1.24294;0.937846;1.68622
0.1;0.9;5;50.2.1.2.txt;0;0;1.1571
0.1;0.9;5;50.2.1.3.txt;-0.0941176;0.210453;0.846755
0.1;0.9;5;50.2.2.1.txt;0;0;1.98155
0.1;0.9;5;50.2.2.2.txt;-1.13274;0.237459;1.54923
0.1;0.9;5;50.2.2.3.txt;0.251346;0.562028;1.51974
0.1;0.9;5;50.2.3.1.txt;0;0;2.43292
0.1;0.9;5;50.2.3.2.txt;0.185529;0;2.14053
0.1;0.9;5;50.2.3.3.txt;-0.547009;0.305787;1.72157
0.1;0.9;5;50.3.1.1.txt;-0.291734;0.0724819;1.67921
0.1;0.9;5;50.3.1.2.txt;-1.5625;0;1.6239
0.1;0.9;5;50.3.1.3.txt;-0.705521;0.137182;1.51777
0.1;0.9;5;50.3.2.1.txt;0;0;1.96653
0.1;0.9;5;50.3.2.2.txt;0.873124;0.122023;1.60615
0.1;0.9;5;50.3.2.3.txt;-0.845921;0.252767;1.47043
0.1;0.9;5;50.3.3.1.txt;0.854962;0.136554;3.06919
0.1;0.9;5;50.3.3.2.txt;-0.2;0.273861;2.44636
0.1;0.9;5;50.3.3.3.txt;-0.385109;0;1.94964
0.1;0.9;5;100.1.1.1.txt;1.30435;1.38057;4.31729
0.1;0.9;5;100.1.1.2.txt;0;0;2.24121
0.1;0.9;5;100.1.1.3.txt;-0.2331;0.2331;3.2241
0.1;0.9;5;100.1.2.1.txt;0.389105;0;5.83716
0.1;0.9;5;100.1.2.2.txt;0.627615;0.572932;3.48171
0.1;0.9;5;100.1.2.3.txt;0.391389;0.338953;3.22909
0.1;0.9;5;100.1.3.1.txt;0.143885;0.197023;6.81821
0.1;0.9;5;100.1.3.2.txt;0.636943;0;5.29684
0.1;0.9;5;100.1.3.3.txt;1.66667;0.0908971;4.69792
0.1;0.9;5;100.2.1.1.txt;0.0330579;0.358339;3.15034
0.1;0.9;5;100.2.1.2.txt;-0.243161;0.315143;3.46567
0.1;0.9;5;100.2.1.3.txt;-0.157729;0;2.00827
0.1;0.9;5;100.2.2.1.txt;0.37037;0.216036;5.55596
0.1;0.9;5;100.2.2.2.txt;1.55425;0.131148;3.84215
0.1;0.9;5;100.2.2.3.txt;0.0815217;0.121525;3.18838
0.1;0.9;5;100.2.3.1.txt;0.657534;0.404052;5.88192
0.1;0.9;5;100.2.3.2.txt;-0.448808;0.489881;5.60491
0.1;0.9;5;100.2.3.3.txt;-0.15748;0.294619;4.77254
0.1;0.9;5;100.3.1.1.txt;-1.43921;0.731905;4.18086
0.1;0.9;5;100.3.1.2.txt;0.0968523;0.30145;3.99745
0.1;0.9;5;100.3.1.3.txt;0.471464;0.203867;4.06675
0.1;0.9;5;100.3.2.1.txt;0.266667;0.321076;6.29808
0.1;0.9;5;100.3.2.2.txt;0.170213;0.287431;7.08232
0.1;0.9;5;100.3.2.3.txt;-0.364026;0.143645;4.15159
0.1;0.9;5;100.3.3.1.txt;1.90157;0.647418;5.6721
0.1;0.9;5;100.3.3.2.txt;0.454076;0.331203;6.67422
0.1;0.9;5;100.3.3.3.txt;0.229885;0.481123;4.80469
0.1;0.9;10;20.1.1.1.txt;-0.97166;0.543174;0.427806
0.1;0.9;10;20.1.1.2.txt;0;0;0.311439
0.1;0.9;10;20.1.1.3.txt;0;0;0.257159
0.1;0.9;10;20.1.2.1.txt;0;0;0.43207
0.1;0.9;10;20.1.2.2.txt;0;0;0.379765
0.1;0.9;10;20.1.2.3.txt;0;0;0.327663
0.1;0.9;10;20.1.3.1.txt;0;0;0.48283
0.1;0.9;10;20.1.3.2.txt;1.89274;0;0.483861
0.1;0.9;10;20.1.3.3.txt;0;0;0.373977
0.1;0.9;10;20.2.1.1.txt;0;0;0.317911
0.1;0.9;10;20.2.1.2.txt;0;0;0.351852
0.1;0.9;10;20.2.1.3.txt;0;0;0.283863
0.1;0.9;10;20.2.2.1.txt;-0.257732;0;0.517935
0.1;0.9;10;20.2.2.2.txt;-0.0952381;0.319438;0.418429
0.1;0.9;10;20.2.2.3.txt;0;0;0.471693
0.1;0.9;10;20.2.3.1.txt;-0.377358;0;0.468396
0.1;0.9;10;20.2.3.2.txt;0;0;0.458083
0.1;0.9;10;20.2.3.3.txt;0;0;0.39865
0.1;0.9;10;20.3.1.1.txt;-1.13821;0.296869;0.439995
0.1;0.9;10;20.3.1.2.txt;0;0;0.355787
0.1;0.9;10;20.3.1.3.txt;-0.358423;0;0.33337
0.1;0.9;10;20.3.2.1.txt;0;0;0.00199314
0.1;0.9;10;20.3.2.2.txt;0;0;0.0228264
0.1;0.9;10;20.3.2.3.txt;-0.2331;3.10317e-17;0.0352928
0.1;0.9;10;20.3.3.1.txt;0;0;0.00143868
0.1;0.9;10;20.3.3.2.txt;0;0;0.00012758
0.1;0.9;10;20.3.3.3.txt;0;0;0.00059568
0.1;0.9;10;50.1.1.1.txt;-0.4914;6.20634e-17;1.39948
0.1;0.9;10;50.1.1.2.txt;0;0;0.994762
0.1;0.9;10;50.1.1.3.txt;0;0;0.677951
0.1;0.9;10;50.1.2.1.txt;0;0;1.56235
0.1;0.9;10;50.1.2.2.txt;0;0;1.24883
0.1;0.9;10;50.1.2.3.txt;0;0;1.0185
0.1;0.9;10;50.1.3.1.txt;0;0;2.07462
0.1;0.9;10;50.1.3.2.txt;0;0;2.07523
0.1;0.9;10;50.1.3.3.txt;-0.566572;0;1.36106
0.1;0.9;10;50.2.1.1.txt;-1.65725;1.08511;1.76615
0.1;0.9;10;50.2.1.2.txt;0;0;1.21993
0.1;0.9;10;50.2.1.3.txt;-0.0941176;0.210453;1.08653
0.1;0.9;10;50.2.2.1.txt;0;0;1.96539
0.1;0.9;10;50.2.2.2.txt;-1.23894;0;1.90648
0.1;0.9;10;50.2.2.3.txt;0;0;2.00677
0.1;0.9;10;50.2.3.1.txt;0;0;2.44847
0.1;0.9;10;50.2.3.2.txt;0.0742115;0.248913;1.89517
0.1;0.9;10;50.2.3.3.txt;-0.683761;0;1.69467
0.1;0.9;10;50.3.1.1.txt;-0.324149;0;1.56701
0.1;0.9;10;50.3.1.2.txt;-1.5625;0;1.67194
0.1;0.9;10;50.3.1.3.txt;-0.644172;0.274364;1.42993
0.1;0.9;10;50.3.2.1.txt;0;0;1.67806
0.1;0.9;10;50.3.2.2.txt;0.600273;0.488091;1.50271
0.1;0.9;10;50.3.2.3.txt;-0.694864;0.408135;1.28092
0.1;0.9;10;50.3.3.1.txt;0.824427;0.204831;2.95608
0.1;0.9;10;50.3.3.2.txt;-0.5;0.353553;2.0993
0.1;0.9;10;50.3.3.3.txt;-0.385109;0;1.70918
0.1;0.9;10;100.1.1.1.txt;1.85771;0.299718;4.91079
0.1;0.9;10;100.1.1.2.txt;0;0;2.39027
0.1;0.9;10;100.1.1.3.txt;-0.0932401;0.483367;2.7391
0.1;0.9;10;100.1.2.1.txt;0.389105;0;4.57701
0.1;0.9;10;100.1.2.2.txt;1.04603;0;3.72325
0.1;0.9;10;100.1.2.3.txt;0.117417;0.428746;4.53813
0.1;0.9;10;100.1.3.1.txt;0.143885;0.197023;6.73564
0.1;0.9;10;100.1.3.2.txt;0.679406;0.0949498;4.64773
0.1;0.9;10;100.1.3.3.txt;1.74797;0.111326;4.91832
0.1;0.9;10;100.2.1.1.txt;-0.165289;0;3.39151
0.1;0.9;10;100.2.1.2.txt;-0.577508;0.755305;4.02667
0.1;0.9;10;100.2.1.3.txt;-0.157729;0;2.32607
0.1;0.9;10;100.2.2.1.txt;0.626781;0.468139;5.62236
0.1;0.9;10;100.2.2.2.txt;1.58358;0.0655738;4.47115
0.1;0.9;10;100.2.2.3.txt;-0.0543478;0.121525;4.6092
0.1;0.9;10;100.2.3.1.txt;0.520548;0.4155;6.23443
0.1;0.9;10;100.2.3.2.txt;-0.308555;0.425407;5.24202
0.1;0.9;10;100.2.3.3.txt;0.0314961;0.550055;4.77662
0.1;0.9;10;100.3.1.1.txt;-1.11663;0.526382;6.32049
0.1;0.9;10;100.3.1.2.txt;0.0726392;0.202581;3.58553
0.1;0.9;10;100.3.1.3.txt;0.496278;0.263191;2.93674
0.1;0.9;10;100.3.2.1.txt;0.553846;0.277113;5.90868
0.1;0.9;10;100.3.2.2.txt;0.765957;0.746199;3.30814
0.1;0.9;10;100.3.2.3.txt;-0.428266;0;4.61822
0.1;0.9;10;100.3.3.1.txt;2.03579;0.289534;7.29471
0.1;0.9;10;100.3.3.2.txt;0.515996;0.252785;7.64787
0.1;0.9;10;100.3.3.3.txt;0.14629;0.611977;6.12019
0.2;0.7;2.5;20.1.1.1.txt;-0.728745;0.66525;0.337541
0.2;0.7;2.5;20.1.1.2.txt;0;0;0.313046
0.2;0.7;2.5;20.1.1.3.txt;0;0;0.258742
0.2;0.7;2.5;20.1.2.1.txt;0;0;0.430229
0.2;0.7;2.5;20.1.2.2.txt;0;0;0.377003
0.2;0.7;2.5;20.1.2.3.txt;0;0;0.333543
0.2;0.7;2.5;20.1.3.1.txt;0;0;0.48357
0.2;0.7;2.5;20.1.3.2.txt;1.89274;0;0.480457
0.2;0.7;2.5;20.1.3.3.txt;0;0;0.381595
0.2;0.7;2.5;20.2.1.1.txt;0;0;0.317288
0.2;0.7;2.5;20.2.1.2.txt;0;0;0.351682
0.2;0.7;2.5;20.2.1.3.txt;0;0;0.28847
0.2;0.7;2.5;20.2.2.1.txt;-0.257732;0;0.457753
0.2;0.7;2.5;20.2.2.2.txt;-0.238095;3.10317e-17;0.628434
0.2;0.7;2.5;20.2.2.3.txt;0;0;0.440865
0.2;0.7;2.5;20.2.3.1.txt;-0.528302;0.206688;0.350168
0.2;0.7;2.5;20.2.3.2.txt;0;0;0.450865
0.2;0.7;2.5;20.2.3.3.txt;0;0;0.426475
0.2;0.7;2.5;20.3.1.1.txt;-1.24661;0.242392;0.491084
0.2;0.7;2.5;20.3.1.2.txt;0;0;0.354426
0.2;0.7;2.5;20.3.1.3.txt;-0.645161;0.641166;0.41047
0.2;0.7;2.5;20.3.2.1.txt;0;0;0.00204588
0.2;0.7;2.5;20.3.2.2.txt;0;0;0.0180346
0.2;0.7;2.5;20.3.2.3.txt;-0.2331;3.10317e-17;0.136724
0.2;0.7;2.5;20.3.3.1.txt;0;0;0.00102396
0.2;0.7;2.5;20.3.3.2.txt;0;0;0.00013254
0.2;0.7;2.5;20.3.3.3.txt;0;0;0.00136188
0.2;0.7;2.5;50.1.1.1.txt;-0.4914;6.20634e-17;1.32876
0.2;0.7;2.5;50.1.1.2.txt;0;0;1.02791
0.2;0.7;2.5;50.1.1.3.txt;0;0;0.686562
0.2;0.7;2.5;50.1.2.1.txt;0;0;1.5214
0.2;0.7;2.5;50.1.2.2.txt;0;0;1.17214
0.2;0.7;2.5;50.1.2.3.txt;0;0;1.05264
0.2;0.7;2.5;50.1.3.1.txt;0;0;2.01056
0.2;0.7;2.5;50.1.3.2.txt;0;0;2.0815
0.2;0.7;2.5;50.1.3.3.txt;-0.566572;0;1.37726
0.2;0.7;2.5;50.2.1.1.txt;-1.24294;0.937846;1.88359
0.2;0.7;2.5;50.2.1.2.txt;0;0;1.14776
0.2;0.7;2.5;50.2.1.3.txt;-0.188235;0.257752;0.997939
0.2;0.7;2.5;50.2.2.1.txt;0;0;1.65418
0.2;0.7;2.5;50.2.2.2.txt;-1.23894;0;1.92541
0.2;0.7;2.5;50.2.2.3.txt;0;0;1.58514
0.2;0.7;2.5;50.2.3.1.txt;0;0;2.58944
0.2;0.7;2.5;50.2.3.2.txt;0.0371058;0.331884;2.03383
0.2;0.7;2.5;50.2.3.3.txt;-0.547009;0.305787;1.8622
0.2;0.7;2.5;50.3.1.1.txt;-0.356564;0.0724819;1.88413
0.2;0.7;2.5;50.3.1.2.txt;-1.5625;0;1.39616
0.2;0.7;2.5;50.3.1.3.txt;-0.766871;0;1.17898
0.2;0.7;2.5;50.3.2.1.txt;0;0;2.1828
0.2;0.7;2.5;50.3.2.2.txt;0.818554;0.192935;1.53157
0.2;0.7;2.5;50.3.2.3.txt;-0.845921;0.13511;1.20356
0.2;0.7;2.5;50.3.3.1.txt;0.885496;0.167244;3.02653
0.2;0.7;2.5;50.3.3.2.txt;-0.1;0.223607;1.986
0.2;0.7;2.5;50.3.3.3.txt;-0.231065;0.210933;1.63744
0.2;0.7;2.5;100.1.1.1.txt;1.6996;0.747339;5.28669
0.2;0.7;2.5;100.1.1.2.txt;0;0;2.19404
0.2;0.7;2.5;100.1.1.3.txt;-0.13986;0.729719;2.90169
0.2;0.7;2.5;100.1.2.1.txt;0.389105;0;5.40767
0.2;0.7;2.5;100.1.2.2.txt;1.04603;0;3.37747
0.2;0.7;2.5;100.1.2.3.txt;0.313112;0.471295;3.77057
0.2;0.7;2.5;100.1.3.1.txt;0.107914;0.160868;8.77693
0.2;0.7;2.5;100.1.3.2.txt;0.764331;0.116289;4.46467
0.2;0.7;2.5;100.1.3.3.txt;1.62602;0;5.66143
0.2;0.7;2.5;100.2.1.1.txt;-0.0991736;0.0905327;3.75204
0.2;0.7;2.5;100.2.1.2.txt;-0.0303951;0.0679656;4.32729
0.2;0.7;2.5;100.2.1.3.txt;-0.157729;0;2.47503
0.2;0.7;2.5;100.2.2.1.txt;0.911681;0.434415;5.26581
0.2;0.7;2.5;100.2.2.2.txt;1.52493;0.0803112;4.04999
0.2;0.7;2.5;100.2.2.3.txt;0.0815217;0.121525;3.1077
0.2;0.7;2.5;100.2.3.1.txt;0.328767;0.122524;6.40767
0.2;0.7;2.5;100.2.3.2.txt;-0.645161;0.0768194;6.4336
0.2;0.7;2.5;100.2.3.3.txt;0.283465;0.49047;5.73633
0.2;0.7;2.5;100.3.1.1.txt;-0.818859;0.477305;3.43429
0.2;0.7;2.5;100.3.1.2.txt;0.338983;0.346678;4.64998
0.2;0.7;2.5;100.3.1.3.txt;0.669975;0.579286;3.85204
0.2;0.7;2.5;100.3.2.1.txt;0.14359;0.432718;6.33856
0.2;0.7;2.5;100.3.2.2.txt;0.574468;0.502371;4.82787
0.2;0.7;2.5;100.3.2.3.txt;-0.235546;0.492971;3.59081
0.2;0.7;2.5;100.3.3.1.txt;1.87919;0.398625;6.98902
0.2;0.7;2.5;100.3.3.2.txt;0.515996;0.126393;6.79584
0.2;0.7;2.5;100.3.3.3.txt;0.125392;0.386766;7.25305
0.2;0.7;5;20.1.1.1.txt;-0.728745;0.66525;0.383318
0.2;0.7;5;20.1.1.2.txt;0;0;0.314393
0.2;0.7;5;20.1.1.3.txt;0;0;0.260939
0.2;0.7;5;20.1.2.1.txt;0;0;0.431111
0.2;0.7;5;20.1.2.2.txt;0;0;0.378775
0.2;0.7;5;20.1.2.3.txt;0;0;0.329852
0.2;0.7;5;20.1.3.1.txt;0;0;0.490562
0.2;0.7;5;20.1.3.2.txt;1.89274;0;0.477851
0.2;0.7;5;20.1.3.3.txt;0;0;0.381969
0.2;0.7;5;20.2.1.1.txt;0;0;0.319681
0.2;0.7;5;20.2.1.2.txt;0;0;0.353154
0.2;0.7;5;20.2.1.3.txt;0;0;0.291401
0.2;0.7;5;20.2.2.1.txt;-0.257732;0;0.447241
0.2;0.7;5;20.2.2.2.txt;-0.0952381;0.319438;0.566158
0.2;0.7;5;20.2.2.3.txt;0.577617;1.29159;0.471927
0.2;0.7;5;20.2.3.1.txt;-0.377358;0;0.474144
0.2;0.7;5;20.2.3.2.txt;-0.150943;0.33752;0.460359
0.2;0.7;5;20.2.3.3.txt;0;0;0.406644
0.2;0.7;5;20.3.1.1.txt;-1.13821;0.296869;0.452289
0.2;0.7;5;20.3.1.2.txt;0;0;0.355406
0.2;0.7;5;20.3.1.3.txt;-0.358423;0;0.330311
0.2;0.7;5;20.3.2.1.txt;0;0;0.00122134
0.2;0.7;5;20.3.2.2.txt;0;0;0.0429527
0.2;0.7;5;20.3.2.3.txt;-0.18648;0.104246;0.108999
0.2;0.7;5;20.3.3.1.txt;0;0;0.00074394
0.2;0.7;5;20.3.3.2.txt;0;0;0.00013282
0.2;0.7;5;20.3.3.3.txt;0;0;0.00058346
0.2;0.7;5;50.1.1.1.txt;-0.4914;6.20634e-17;1.3112
0.2;0.7;5;50.1.1.2.txt;0;0;1.02036
0.2;0.7;5;50.1.1.3.txt;0;0;0.68472
0.2;0.7;5;50.1.2.1.txt;0;0;1.54198
0.2;0.7;5;50.1.2.2.txt;0;0;1.13745
0.2;0.7;5;50.1.2.3.txt;0;0;1.07427
0.2;0.7;5;50.1.3.1.txt;0;0;1.96629
0.2;0.7;5;50.1.3.2.txt;0;0;2.12321
0.2;0.7;5;50.1.3.3.txt;-0.566572;0;1.33122
0.2;0.7;5;50.2.1.1.txt;-0.715631;1.69701;1.30386
0.2;0.7;5;50.2.1.2.txt;0;0;1.14267
0.2;0.7;5;50.2.1.3.txt;-0.188235;0.257752;1.11846
0.2;0.7;5;50.2.2.1.txt;0;0;1.61003
0.2;0.7;5;50.2.2.2.txt;-1.23894;0;1.41247
0.2;0.7;5;50.2.2.3.txt;0;0;1.42465
0.2;0.7;5;50.2.3.1.txt;0;0;2.52574
0.2;0.7;5;50.2.3.2.txt;0.111317;0.406473;1.99408
0.2;0.7;5;50.2.3.3.txt;-0.683761;0;2.1841
0.2;0.7;5;50.3.1.1.txt;-0.324149;0.114604;1.72288
0.2;0.7;5;50.3.1.2.txt;-1.5625;0;2.02356
0.2;0.7;5;50.3.1.3.txt;-0.582822;0.168013;1.58178
0.2;0.7;5;50.3.2.1.txt;0;0;1.70005
0.2;0.7;5;50.3.2.2.txt;0.791269;0.0610114;2.00022
0.2;0.7;5;50.3.2.3.txt;-0.845921;0.22909;1.39315
0.2;0.7;5;50.3.3.1.txt;0.885496;0.167244;2.47717
0.2;0.7;5;50.3.3.2.txt;-0.0666667;0.252763;1.80916
0.2;0.7;5;50.3.3.3.txt;-0.231065;0.210933;1.70735
0.2;0.7;5;100.1.1.1.txt;1.89723;0.265146;4.07638
0.2;0.7;5;100.1.1.2.txt;0;0;2.39086
0.2;0.7;5;100.1.1.3.txt;-0.18648;0.416982;2.93264
0.2;0.7;5;100.1.2.1.txt;0.389105;0;4.81004
0.2;0.7;5;100.1.2.2.txt;0.83682;0.467797;3.09523
0.2;0.7;5;100.1.2.3.txt;0.117417;0.428746;4.01486
0.2;0.7;5;100.1.3.1.txt;0.0719424;0.160868;6.43851
0.2;0.7;5;100.1.3.2.txt;0.636943;0;4.26835
0.2;0.7;5;100.1.3.3.txt;1.74797;0.111326;4.82192
0.2;0.7;5;100.2.1.1.txt;-0.132231;0.0739196;4.24232
0.2;0.7;5;100.2.1.2.txt;-0.273556;0.81417;3.39379
0.2;0.7;5;100.2.1.3.txt;0.126183;0.634846;2.34328
0.2;0.7;5;100.2.2.1.txt;1.11111;0.308825;5.39168
0.2;0.7;5;100.2.2.2.txt;1.55425;0.0803112;4.67665
0.2;0.7;5;100.2.2.3.txt;0.0815217;0.0744188;3.38505
0.2;0.7;5;100.2.3.1.txt;0.547945;0.290592;6.66173
0.2;0.7;5;100.2.3.2.txt;-0.0841515;0.624084;5.71418
0.2;0.7;5;100.2.3.3.txt;0;0.485387;5.20447
0.2;0.7;5;100.3.1.1.txt;-1.31514;0.257276;5.00734
0.2;0.7;5;100.3.1.2.txt;0.0726392;0.202581;3.67408
0.2;0.7;5;100.3.1.3.txt;0.843672;0.564482;2.75358
0.2;0.7;5;100.3.2.1.txt;0.266667;0.33706;5.83218
0.2;0.7;5;100.3.2.2.txt;0.404255;0.804582;4.07318
0.2;0.7;5;100.3.2.3.txt;-0.321199;0.36308;3.71031
0.2;0.7;5;100.3.3.1.txt;2.03579;0.390699;5.93931
0.2;0.7;5;100.3.3.2.txt;0.536636;0.134555;4.73663
0.2;0.7;5;100.3.3.3.txt;0.0626959;0.593867;5.42048
0.2;0.7;10;20.1.1.1.txt;-1.21457;0;0.426428
0.2;0.7;10;20.1.1.2.txt;0;0;0.310359
0.2;0.7;10;20.1.1.3.txt;0;0;0.258008
0.2;0.7;10;20.1.2.1.txt;0;0;0.436926
0.2;0.7;10;20.1.2.2.txt;0;0;0.377506
0.2;0.7;10;20.1.2.3.txt;0;0;0.329434
0.2;0.7;10;20.1.3.1.txt;0;0;0.486878
0.2;0.7;10;20.1.3.2.txt;1.89274;0;0.479619
0.2;0.7;10;20.1.3.3.txt;0;0;0.386028
0.2;0.7;10;20.2.1.1.txt;0;0;0.322011
0.2;0.7;10;20.2.1.2.txt;0;0;0.354359
0.2;0.7;10;20.2.1.3.txt;0;0;0.287401
0.2;0.7;10;20.2.2.1.txt;-0.257732;0;0.449926
0.2;0.7;10;20.2.2.2.txt;-0.238095;3.10317e-17;0.521512
0.2;0.7;10;20.2.2.3.txt;0;0;0.433542
0.2;0.7;10;20.2.3.1.txt;-0.528302;0.206688;0.310019
0.2;0.7;10;20.2.3.2.txt;0;0;0.456526
0.2;0.7;10;20.2.3.3.txt;0;0;0.399208
0.2;0.7;10;20.3.1.1.txt;-1.13821;0.296869;0.409787
0.2;0.7;10;20.3.1.2.txt;0;0;0.36039
0.2;0.7;10;20.3.1.3.txt;-0.358423;0;0.346642
0.2;0.7;10;20.3.2.1.txt;0;0;0.00199722
0.2;0.7;10;20.3.2.2.txt;0;0;0.0163307
0.2;0.7;10;20.3.2.3.txt;-0.2331;3.10317e-17;0.115695
0.2;0.7;10;20.3.3.1.txt;0;0;0.00060114
0.2;0.7;10;20.3.3.2.txt;0;0;0.00012506
0.2;0.7;10;20.3.3.3.txt;0;0;0.000525
0.2;0.7;10;50.1.1.1.txt;-0.4914;6.20634e-17;1.52213
0.2;0.7;10;50.1.1.2.txt;0;0;0.98604
0.2;0.7;10;50.1.1.3.txt;0;0;0.696932
0.2;0.7;10;50.1.2.1.txt;0;0;1.5195
0.2;0.7;10;50.1.2.2.txt;0;0;1.16806
0.2;0.7;10;50.1.2.3.txt;0;0;0.981153
0.2;0.7;10;50.1.3.1.txt;0;0;2.03621
0.2;0.7;10;50.1.3.2.txt;0.225225;0.503619;1.8168
0.2;0.7;10;50.1.3.3.txt;-0.566572;0;1.36189
0.2;0.7;10;50.2.1.1.txt;-0.564972;0;1.74655
0.2;0.7;10;50.2.1.2.txt;0;0;1.21682
0.2;0.7;10;50.2.1.3.txt;0;0;0.832884
0.2;0.7;10;50.2.2.1.txt;0.138648;0.310027;1.93158
0.2;0.7;10;50.2.2.2.txt;-1.23894;0;1.4149
0.2;0.7;10;50.2.2.3.txt;0.251346;0.562028;1.49606
0.2;0.7;10;50.2.3.1.txt;0;0;2.64837
0.2;0.7;10;50.2.3.2.txt;-0.111317;0.406473;1.91815
0.2;0.7;10;50.2.3.3.txt;-0.273504;0.374511;1.55376
0.2;0.7;10;50.3.1.1.txt;-0.324149;0;1.79867
0.2;0.7;10;50.3.1.2.txt;-1.36364;0.444673;1.48596
0.2;0.7;10;50.3.1.3.txt;-0.582822;0.274364;1.26707
0.2;0.7;10;50.3.2.1.txt;0;0;1.75178
0.2;0.7;10;50.3.2.2.txt;0.845839;0.523064;1.68619
0.2;0.7;10;50.3.2.3.txt;-0.845921;0.33095;1.48743
0.2;0.7;10;50.3.3.1.txt;0.824427;0.136554;2.55042
0.2;0.7;10;50.3.3.2.txt;-0.233333;0.252763;2.21132
0.2;0.7;10;50.3.3.3.txt;-0.308087;0.172226;1.94714
0.2;0.7;10;100.1.1.1.txt;1.34387;1.13872;5.1376
0.2;0.7;10;100.1.1.2.txt;0;0;2.34677
0.2;0.7;10;100.1.1.3.txt;-0.27972;0.195026;2.55754
0.2;0.7;10;100.1.2.1.txt;0.389105;0;5.07862
0.2;0.7;10;100.1.2.2.txt;0.83682;0.467797;2.96571
0.2;0.7;10;100.1.2.3.txt;0.195695;0.535932;3.6615
0.2;0.7;10;100.1.3.1.txt;0.179856;0.179856;7.58071
0.2;0.7;10;100.1.3.2.txt;0.636943;0;5.08988
0.2;0.7;10;100.1.3.3.txt;1.74797;0.272691;5.17741
0.2;0.7;10;100.2.1.1.txt;-0.165289;0;4.01951
0.2;0.7;10;100.2.1.2.txt;-0.334347;0.460965;3.88432
0.2;0.7;10;100.2.1.3.txt;-0.157729;0;2.48208
0.2;0.7;10;100.2.2.1.txt;0.826211;0.420168;4.34578
0.2;0.7;10;100.2.2.2.txt;1.4956;0.0655738;4.38215
0.2;0.7;10;100.2.2.3.txt;-0.0543478;0.425339;2.75506
0.2;0.7;10;100.2.3.1.txt;0.657534;0.426641;7.32298
0.2;0.7;10;100.2.3.2.txt;-0.196353;0.481783;5.74375
0.2;0.7;10;100.2.3.3.txt;0.314961;0.45913;4.71367
0.2;0.7;10;100.3.1.1.txt;-0.967742;0.529298;3.73105
0.2;0.7;10;100.3.1.2.txt;0.338983;0.377056;4.0022
0.2;0.7;10;100.3.1.3.txt;0.148883;0.221942;4.01337
0.2;0.7;10;100.3.2.1.txt;0.389744;0.406392;4.34249
0.2;0.7;10;100.3.2.2.txt;0.893617;0.416119;4.93885
0.2;0.7;10;100.3.2.3.txt;-0.406852;0.175928;3.76484
0.2;0.7;10;100.3.3.1.txt;1.74497;0.376012;7.27811
0.2;0.7;10;100.3.3.2.txt;0.495356;0.267124;7.07478
0.2;0.7;10;100.3.3.3.txt;0.334378;0.414036;5.47651
0.2;0.8;2.5;20.1.1.1.txt;-1.21457;0;0.460738
0.2;0.8;2.5;20.1.1.2.txt;0;0;0.311157
0.2;0.8;2.5;20.1.1.3.txt;0;0;0.261617
0.2;0.8;2.5;20.1.2.1.txt;0;0;0.431147
0.2;0.8;2.5;20.1.2.2.txt;0;0;0.371184
0.2;0.8;2.5;20.1.2.3.txt;0;0;0.329081
0.2;0.8;2.5;20.1.3.1.txt;0;0;0.484509
0.2;0.8;2.5;20.1.3.2.txt;1.89274;0;0.48612
0.2;0.8;2.5;20.1.3.3.txt;0;0;0.37743
0.2;0.8;2.5;20.2.1.1.txt;0;0;0.32073
0.2;0.8;2.5;20.2.1.2.txt;0;0;0.351224
0.2;0.8;2.5;20.2.1.3.txt;0;0;0.286602
0.2;0.8;2.5;20.2.2.1.txt;-0.257732;0;0.488208
0.2;0.8;2.5;20.2.2.2.txt;-0.0952381;0.319438;0.475913
0.2;0.8;2.5;20.2.2.3.txt;0;0;0.447639
0.2;0.8;2.5;20.2.3.1.txt;-0.45283;0.16876;0.400295
0.2;0.8;2.5;20.2.3.2.txt;-0.150943;0.33752;0.528984
0.2;0.8;2.5;20.2.3.3.txt;0;0;0.397312
0.2;0.8;2.5;20.3.1.1.txt;-1.13821;0.296869;0.365742
0.2;0.8;2.5;20.3.1.2.txt;0;0;0.352484
0.2;0.8;2.5;20.3.1.3.txt;-0.358423;0;0.324429
0.2;0.8;2.5;20.3.2.1.txt;0;0;0.00282116
0.2;0.8;2.5;20.3.2.2.txt;0;0;0.0148402
0.2;0.8;2.5;20.3.2.3.txt;-0.2331;3.10317e-17;0.0854611
0.2;0.8;2.5;20.3.3.1.txt;0;0;0.00101482
0.2;0.8;2.5;20.3.3.2.txt;0;0;0.00013082
0.2;0.8;2.5;20.3.3.3.txt;0;0;0.00092438
0.2;0.8;2.5;50.1.1.1.txt;-0.4914;6.20634e-17;1.45889
0.2;0.8;2.5;50.1.1.2.txt;0;0;1.0107
0.2;0.8;2.5;50.1.1.3.txt;0;0;0.698921
0.2;0.8;2.5;50.1.2.1.txt;0;0;1.51857
0.2;0.8;2.5;50.1.2.2.txt;0;0;1.15886
0.2;0.8;2.5;50.1.2.3.txt;0;0;1.0744
0.2;0.8;2.5;50.1.3.1.txt;0;0;1.94914
0.2;0.8;2.5;50.1.3.2.txt;0;0;1.92833
0.2;0.8;2.5;50.1.3.3.txt;-0.566572;0;1.33785
0.2;0.8;2.5;50.2.1.1.txt;-1.16761;0.825194;1.32075
0.2;0.8;2.5;50.2.1.2.txt;0;0;1.14445
0.2;0.8;2.5;50.2.1.3.txt;-0.0941176;0.210453;0.939624
0.2;0.8;2.5;50.2.2.1.txt;0;0;1.72367
0.2;0.8;2.5;50.2.2.2.txt;-1.23894;0;1.4405
0.2;0.8;2.5;50.2.2.3.txt;0;0;1.55946
0.2;0.8;2.5;50.2.3.1.txt;0;0;2.60628
0.2;0.8;2.5;50.2.3.2.txt;-0.0371058;0.304855;2.13575
0.2;0.8;2.5;50.2.3.3.txt;-0.547009;0.305787;1.84288
0.2;0.8;2.5;50.3.1.1.txt;-0.356564;0.0724819;1.70438
0.2;0.8;2.5;50.3.1.2.txt;-0.9375;0.86169;1.58443
0.2;0.8;2.5;50.3.1.3.txt;-0.368098;0.454982;1.45513
0.2;0.8;2.5;50.3.2.1.txt;0;0;1.89775
0.2;0.8;2.5;50.3.2.2.txt;0.545703;0.373617;1.55166
0.2;0.8;2.5;50.3.2.3.txt;-0.664653;0.313239;1.34441
0.2;0.8;2.5;50.3.3.1.txt;0.885496;0.0682769;2.45731
0.2;0.8;2.5;50.3.3.2.txt;-0.166667;0.311805;1.84661
0.2;0.8;2.5;50.3.3.3.txt;-0.308087;0.172226;1.65824
0.2;0.8;2.5;100.1.1.1.txt;1.26482;1.04201;4.00253
0.2;0.8;2.5;100.1.1.2.txt;0;0;2.32225
0.2;0.8;2.5;100.1.1.3.txt;-0.2331;0.2331;2.71825
0.2;0.8;2.5;100.1.2.1.txt;0.389105;0;4.94656
0.2;0.8;2.5;100.1.2.2.txt;0.83682;0.467797;3.24807
0.2;0.8;2.5;100.1.2.3.txt;0.35225;0.321559;3.63644
0.2;0.8;2.5;100.1.3.1.txt;0.28777;0.160868;6.03749
0.2;0.8;2.5;100.1.3.2.txt;0.636943;0;4.03667
0.2;0.8;2.5;100.1.3.3.txt;1.70732;0.111326;4.51738
0.2;0.8;2.5;100.2.1.1.txt;-0.165289;0;4.00395
0.2;0.8;2.5;100.2.1.2.txt;-0.121581;0.435192;3.86273
0.2;0.8;2.5;100.2.1.3.txt;-0.157729;0;3.088
0.2;0.8;2.5;100.2.2.1.txt;0.854701;0.439061;5.07653
0.2;0.8;2.5;100.2.2.2.txt;1.55425;0.196722;3.66878
0.2;0.8;2.5;100.2.2.3.txt;0.0543478;0.182288;2.94931
0.2;0.8;2.5;100.2.3.1.txt;0.821918;0.349248;7.72157
0.2;0.8;2.5;100.2.3.2.txt;-0.364656;0.450121;7.58836
0.2;0.8;2.5;100.2.3.3.txt;0.377953;0.286077;4.51113
0.2;0.8;2.5;100.3.1.1.txt;-0.719603;0.53652;4.48761
0.2;0.8;2.5;100.3.1.2.txt;0.0726392;0.183605;4.02765
0.2;0.8;2.5;100.3.1.3.txt;1.01737;0.698545;3.07736
0.2;0.8;2.5;100.3.2.1.txt;0.369231;0.569208;7.26658
0.2;0.8;2.5;100.3.2.2.txt;0.446809;0.999094;4.64441
0.2;0.8;2.5;100.3.2.3.txt;-0.428266;0;5.07704
0.2;0.8;2.5;100.3.3.1.txt;1.83445;0.503977;6.26658
0.2;0.8;2.5;100.3.3.2.txt;0.495356;0.381976;6.11922
0.2;0.8;2.5;100.3.3.3.txt;-0.0626959;0.335356;4.89988
0.2;0.8;5;20.1.1.1.txt;-0.48583;0.66525;0.317264
0.2;0.8;5;20.1.1.2.txt;0;0;0.312494
0.2;0.8;5;20.1.1.3.txt;0;0;0.257378
0.2;0.8;5;20.1.2.1.txt;0;0;0.435461
0.2;0.8;5;20.1.2.2.txt;0;0;0.380949
0.2;0.8;5;20.1.2.3.txt;0;0;0.328723
0.2;0.8;5;20.1.3.1.txt;0;0;0.482905
0.2;0.8;5;20.1.3.2.txt;1.89274;0;0.487695
0.2;0.8;5;20.1.3.3.txt;0;0;0.387433
0.2;0.8;5;20.2.1.1.txt;0;0;0.316225
0.2;0.8;5;20.2.1.2.txt;0;0;0.35076
0.2;0.8;5;20.2.1.3.txt;0;0;0.288236
0.2;0.8;5;20.2.2.1.txt;-0.257732;0;0.434784
0.2;0.8;5;20.2.2.2.txt;-0.0952381;0.319438;0.474142
0.2;0.8;5;20.2.2.3.txt;0;0;0.476948
0.2;0.8;5;20.2.3.1.txt;-0.45283;0.16876;0.442216
0.2;0.8;5;20.2.3.2.txt;-0.150943;0.33752;0.524556
0.2;0.8;5;20.2.3.3.txt;0;0;0.391516
0.2;0.8;5;20.3.1.1.txt;-1.02981;0.296869;0.437695
0.2;0.8;5;20.3.1.2.txt;0;0;0.371953
0.2;0.8;5;20.3.1.3.txt;-0.645161;0.641166;0.331029
0.2;0.8;5;20.3.2.1.txt;0;0;0.00285676
0.2;0.8;5;20.3.2.2.txt;0;0;0.0247111
0.2;0.8;5;20.3.2.3.txt;-0.18648;0.104246;0.180656
0.2;0.8;5;20.3.3.1.txt;0;0;0.00202068
0.2;0.8;5;20.3.3.2.txt;0;0;0.00012812
0.2;0.8;5;20.3.3.3.txt;0;0;0.001398
0.2;0.8;5;50.1.1.1.txt;-0.4914;6.20634e-17;1.29598
0.2;0.8;5;50.1.1.2.txt;0;0;1.04451
0.2;0.8;5;50.1.1.3.txt;0;0;0.684025
0.2;0.8;5;50.1.2.1.txt;0;0;1.49211
0.2;0.8;5;50.1.2.2.txt;0;0;1.19542
0.2;0.8;5;50.1.2.3.txt;0;0;1.05985
0.2;0.8;5;50.1.3.1.txt;0;0;1.96469
0.2;0.8;5;50.1.3.2.txt;0;0;2.17137
0.2;0.8;5;50.1.3.3.txt;-0.566572;0;1.38123
0.2;0.8;5;50.2.1.1.txt;-1.69492;1.03149;1.66203
0.2;0.8;5;50.2.1.2.txt;0;0;1.12136
0.2;0.8;5;50.2.1.3.txt;-0.282353;0.257752;0.975727
0.2;0.8;5;50.2.2.1.txt;0;0;1.84582
0.2;0.8;5;50.2.2.2.txt;-1.23894;0;1.55658
0.2;0.8;5;50.2.2.3.txt;0;0;1.69642
0.2;0.8;5;50.2.3.1.txt;0;0;2.3408
0.2;0.8;5;50.2.3.2.txt;0.148423;0.082971;1.88406
0.2;0.8;5;50.2.3.3.txt;-0.410256;0.374511;1.73803
0.2;0.8;5;50.3.1.1.txt;-0.324149;0;1.28917
0.2;0.8;5;50.3.1.2.txt;-1.25;0.698771;1.90919
0.2;0.8;5;50.3.1.3.txt;-0.766871;0;1.76282
0.2;0.8;5;50.3.2.1.txt;0.0293686;0.0656701;1.92911
0.2;0.8;5;50.3.2.2.txt;0.627558;0.298894;1.65993
0.2;0.8;5;50.3.2.3.txt;-0.906344;1.24127e-16;1.36571
0.2;0.8;5;50.3.3.1.txt;0.854962;0.136554;2.99434
0.2;0.8;5;50.3.3.2.txt;-0.433333;0.149071;2.39081
0.2;0.8;5;50.3.3.3.txt;-0.308087;0.172226;1.45247
0.2;0.8;5;100.1.1.1.txt;1.14625;1.23735;4.30052
0.2;0.8;5;100.1.1.2.txt;0;0;2.46358
0.2;0.8;5;100.1.1.3.txt;-0.04662;0.580415;2.53067
0.2;0.8;5;100.1.2.1.txt;0.389105;0;4.67767
0.2;0.8;5;100.1.2.2.txt;1.04603;0;3.1906
0.2;0.8;5;100.1.2.3.txt;0.469667;0.381479;3.94393
0.2;0.8;5;100.1.3.1.txt;0.143885;0.197023;7.22312
0.2;0.8;5;100.1.3.2.txt;0.679406;0.0949498;4.67419
0.2;0.8;5;100.1.3.3.txt;1.66667;0.0908971;4.58414
0.2;0.8;5;100.2.1.1.txt;0.0330579;0.358339;4.3021
0.2;0.8;5;100.2.1.2.txt;0;0.339828;4.812
0.2;0.8;5;100.2.1.3.txt;0.126183;0.634846;2.23646
0.2;0.8;5;100.2.2.1.txt;1.05413;0.410395;4.27353
0.2;0.8;5;100.2.2.2.txt;1.4956;0.0655738;4.40786
0.2;0.8;5;100.2.2.3.txt;0.0543478;0.121525;3.09601
0.2;0.8;5;100.2.3.1.txt;0.958904;0.362432;5.59132
0.2;0.8;5;100.2.3.2.txt;-0.617111;0.125446;7.08855
0.2;0.8;5;100.2.3.3.txt;0.0314961;0.43699;4.06577
0.2;0.8;5;100.3.1.1.txt;-1.16625;0.715957;4.0993
0.2;0.8;5;100.3.1.2.txt;0.0968523;0.30145;3.85879
0.2;0.8;5;100.3.1.3.txt;0.421836;0.166457;2.74405
0.2;0.8;5;100.3.2.1.txt;0.14359;0.212681;5.99044
0.2;0.8;5;100.3.2.2.txt;0.914894;0.545569;5.36253
0.2;0.8;5;100.3.2.3.txt;-0.385439;0.0957631;3.625
0.2;0.8;5;100.3.3.1.txt;1.78971;0.487573;7.56767
0.2;0.8;5;100.3.3.2.txt;0.474716;0.376359;5.53155
0.2;0.8;5;100.3.3.3.txt;0.167189;0.646677;7.2055
0.2;0.8;10;20.1.1.1.txt;-0.97166;0.543174;0.372187
0.2;0.8;10;20.1.1.2.txt;0;0;0.31518
0.2;0.8;10;20.1.1.3.txt;0;0;0.258754
0.2;0.8;10;20.1.2.1.txt;0;0;0.431638
0.2;0.8;10;20.1.2.2.txt;0;0;0.374117
0.2;0.8;10;20.1.2.3.txt;0;0;0.328385
0.2;0.8;10;20.1.3.1.txt;0;0;0.491057
0.2;0.8;10;20.1.3.2.txt;1.89274;0;0.477661
0.2;0.8;10;20.1.3.3.txt;0;0;0.380255
0.2;0.8;10;20.2.1.1.txt;0;0;0.317057
0.2;0.8;10;20.2.1.2.txt;0;0;0.348929
0.2;0.8;10;20.2.1.3.txt;0;0;0.284397
0.2;0.8;10;20.2.2.1.txt;-0.206186;0.115261;0.437814
0.2;0.8;10;20.2.2.2.txt;-0.238095;3.10317e-17;0.518007
0.2;0.8;10;20.2.2.3.txt;0;0;0.472388
0.2;0.8;10;20.2.3.1.txt;-0.45283;0.16876;0.37404
0.2;0.8;10;20.2.3.2.txt;0;0;0.458004
0.2;0.8;10;20.2.3.3.txt;0;0;0.396291
0.2;0.8;10;20.3.1.1.txt;-1.13821;0.296869;0.478602
0.2;0.8;10;20.3.1.2.txt;0;0;0.373662
0.2;0.8;10;20.3.1.3.txt;-0.358423;0;0.384777
0.2;0.8;10;20.3.2.1.txt;0;0;0.00195264
0.2;0.8;10;20.3.2.2.txt;0;0;0.0236038
0.2;0.8;10;20.3.2.3.txt;-0.2331;3.10317e-17;0.0690384
0.2;0.8;10;20.3.3.1.txt;0;0;0.00120826
0.2;0.8;10;20.3.3.2.txt;0;0;0.00013434
0.2;0.8;10;20.3.3.3.txt;0;0;0.00098212
0.2;0.8;10;50.1.1.1.txt;-0.4914;6.20634e-17;1.37851
0.2;0.8;10;50.1.1.2.txt;0;0;1.0331
0.2;0.8;10;50.1.1.3.txt;0;0;0.677365
0.2;0.8;10;50.1.2.1.txt;0;0;1.52251
0.2;0.8;10;50.1.2.2.txt;0;0;1.15291
0.2;0.8;10;50.1.2.3.txt;0;0;1.10871
0.2;0.8;10;50.1.3.1.txt;0;0;1.86315
0.2;0.8;10;50.1.3.2.txt;0;0;2.05531
0.2;0.8;10;50.1.3.3.txt;-0.566572;0;1.34831
0.2;0.8;10;50.2.1.1.txt;-0.903955;0.867108;1.39949
0.2;0.8;10;50.2.1.2.txt;0;0;1.15656
0.2;0.8;10;50.2.1.3.txt;0;0;0.828072
0.2;0.8;10;50.2.2.1.txt;0;0;1.84179
0.2;0.8;10;50.2.2.2.txt;-1.23894;0;1.68919
0.2;0.8;10;50.2.2.3.txt;0.32316;0.722607;1.30131
0.2;0.8;10;50.2.3.1.txt;0;0;2.81122
0.2;0.8;10;50.2.3.2.txt;-0.0742115;0.361662;1.97406
0.2;0.8;10;50.2.3.3.txt;-0.410256;0.374511;1.61341
0.2;0.8;10;50.3.1.1.txt;-0.356564;0.0724819;1.774
0.2;0.8;10;50.3.1.2.txt;-1.5625;0;1.56918
0.2;0.8;10;50.3.1.3.txt;-0.398773;0.336026;1.05032
0.2;0.8;10;50.3.2.1.txt;0;0;1.7458
0.2;0.8;10;50.3.2.2.txt;0.818554;0;1.80396
0.2;0.8;10;50.3.2.3.txt;-0.876133;0.196955;2.11005
0.2;0.8;10;50.3.3.1.txt;0.916031;0;3.206
0.2;0.8;10;50.3.3.2.txt;-0.433333;0.345607;2.35378
0.2;0.8;10;50.3.3.3.txt;-0.154044;0.210933;1.64169
0.2;0.8;10;100.1.1.1.txt;1.3834;0.916365;3.95105
0.2;0.8;10;100.1.1.2.txt;0;0;2.17613
0.2;0.8;10;100.1.1.3.txt;0.2331;0.638371;2.39624
0.2;0.8;10;100.1.2.1.txt;0.389105;0;4.44511
0.2;0.8;10;100.1.2.2.txt;0.83682;0.467797;2.84512
0.2;0.8;10;100.1.2.3.txt;0.665362;0.175035;2.78109
0.2;0.8;10;100.1.3.1.txt;0;0;8.13489
0.2;0.8;10;100.1.3.2.txt;0.721868;0.116289;5.49278
0.2;0.8;10;100.1.3.3.txt;1.70732;0.111326;4.23358
0.2;0.8;10;100.2.1.1.txt;0.231405;0.398069;3.04648
0.2;0.8;10;100.2.1.2.txt;-0.547112;0.693116;4.01634
0.2;0.8;10;100.2.1.3.txt;0.126183;0.634846;2.32586
0.2;0.8;10;100.2.2.1.txt;0.826211;0.420168;4.83408
0.2;0.8;10;100.2.2.2.txt;1.52493;0.0803112;4.23617
0.2;0.8;10;100.2.2.3.txt;0.0271739;0.148838;3.80189
0.2;0.8;10;100.2.3.1.txt;0.410959;0.193728;8.37629
0.2;0.8;10;100.2.3.2.txt;-0.56101;0.221759;5.24394
0.2;0.8;10;100.2.3.3.txt;0.377953;0.238831;5.31015
0.2;0.8;10;100.3.1.1.txt;-1.24069;0.45586;4.5524
0.2;0.8;10;100.3.1.2.txt;0.508475;0.15785;3.09637
0.2;0.8;10;100.3.1.3.txt;0.272953;0.396246;3.55257
0.2;0.8;10;100.3.2.1.txt;0.533333;0.365508;3.91301
0.2;0.8;10;100.3.2.2.txt;0.404255;1.00755;4.61859
0.2;0.8;10;100.3.2.3.txt;-0.471092;0.0586427;4.87133
0.2;0.8;10;100.3.3.1.txt;2.10291;0.16591;7.71221
0.2;0.8;10;100.3.3.2.txt;0.619195;0.334404;6.41827
0.2;0.8;10;100.3.3.3.txt;-0.0417973;0.4708;5.63916
0.2;0.9;2.5;20.1.1.1.txt;-0.97166;0.543174;0.388977
0.2;0.9;2.5;20.1.1.2.txt;0;0;0.312745
0.2;0.9;2.5;20.1.1.3.txt;0;0;0.258094
0.2;0.9;2.5;20.1.2.1.txt;0;0;0.435146
0.2;0.9;2.5;20.1.2.2.txt;0;0;0.369265
0.2;0.9;2.5;20.1.2.3.txt;0;0;0.330275
0.2;0.9;2.5;20.1.3.1.txt;0;0;0.483471
0.2;0.9;2.5;20.1.3.2.txt;1.89274;0;0.4825
0.2;0.9;2.5;20.1.3.3.txt;0;0;0.381334
0.2;0.9;2.5;20.2.1.1.txt;0;0;0.317055
0.2;0.9;2.5;20.2.1.2.txt;0;0;0.352767
0.2;0.9;2.5;20.2.1.3.txt;0;0;0.283702
0.2;0.9;2.5;20.2.2.1.txt;-0.257732;0;0.42883
0.2;0.9;2.5;20.2.2.2.txt;0.047619;0.39123;0.557704
0.2;0.9;2.5;20.2.2.3.txt;0;0;0.399456
0.2;0.9;2.5;20.2.3.1.txt;-0.603774;0.206688;0.255201
0.2;0.9;2.5;20.2.3.2.txt;0;0;0.453485
0.2;0.9;2.5;20.2.3.3.txt;0;0;0.39626
0.2;0.9;2.5;20.3.1.1.txt;-1.13821;0.296869;0.530063
0.2;0.9;2.5;20.3.1.2.txt;0;0;0.355493
0.2;0.9;2.5;20.3.1.3.txt;-0.358423;0;0.392105
0.2;0.9;2.5;20.3.2.1.txt;0;0;0.0014752
0.2;0.9;2.5;20.3.2.2.txt;0;0;0.0252322
0.2;0.9;2.5;20.3.2.3.txt;-0.2331;3.10317e-17;0.0828827
0.2;0.9;2.5;20.3.3.1.txt;0;0;0.0010265
0.2;0.9;2.5;20.3.3.2.txt;0;0;0.00013984
0.2;0.9;2.5;20.3.3.3.txt;0;0;0.00082346
0.2;0.9;2.5;50.1.1.1.txt;-0.4914;6.20634e-17;1.2781
0.2;0.9;2.5;50.1.1.2.txt;0;0;1.01022
0.2;0.9;2.5;50.1.1.3.txt;0;0;0.676871
0.2;0.9;2.5;50.1.2.1.txt;0;0;1.57277
0.2;0.9;2.5;50.1.2.2.txt;0;0;1.15025
0.2;0.9;2.5;50.1.2.3.txt;0;0;1.01226
0.2;0.9;2.5;50.1.3.1.txt;0;0;2.18027
0.2;0.9;2.5;50.1.3.2.txt;0;0;2.39283
0.2;0.9;2.5;50.1.3.3.txt;-0.566572;0;1.4156
0.2;0.9;2.5;50.2.1.1.txt;-0.640301;1.20292;1.29621
0.2;0.9;2.5;50.2.1.2.txt;0;0;1.18742
0.2;0.9;2.5;50.2.1.3.txt;-0.0941176;0.210453;0.836257
0.2;0.9;2.5;50.2.2.1.txt;0;0;1.78233
0.2;0.9;2.5;50.2.2.2.txt;-0.743363;0.578953;1.7003
0.2;0.9;2.5;50.2.2.3.txt;0;0;1.55716
0.2;0.9;2.5;50.2.3.1.txt;0;0;2.71908
0.2;0.9;2.5;50.2.3.2.txt;0.0371058;0.331884;2.12108
0.2;0.9;2.5;50.2.3.3.txt;-0.547009;0.305787;1.95093
0.2;0.9;2.5;50.3.1.1.txt;-0.324149;0;1.40599
0.2;0.9;2.5;50.3.1.2.txt;-1.5625;0;1.49111
0.2;0.9;2.5;50.3.1.3.txt;-0.766871;0;1.17089
0.2;0.9;2.5;50.3.2.1.txt;0;0;1.81613
0.2;0.9;2.5;50.3.2.2.txt;0.381992;0.523064;2.06786
0.2;0.9;2.5;50.3.2.3.txt;-0.966767;0.13511;1.57826
0.2;0.9;2.5;50.3.3.1.txt;0.946565;0.19906;2.77196
0.2;0.9;2.5;50.3.3.2.txt;-0.6;0.223607;2.06738
0.2;0.9;2.5;50.3.3.3.txt;-0.308087;0.172226;1.68526
0.2;0.9;2.5;100.1.1.1.txt;1.6996;0.707057;3.01726
0.2;0.9;2.5;100.1.1.2.txt;0;0;2.29959
0.2;0.9;2.5;100.1.1.3.txt;-0.27972;0.303926;3.26098
0.2;0.9;2.5;100.1.2.1.txt;0.389105;0;5.08491
0.2;0.9;2.5;100.1.2.2.txt;0.920502;0.54554;4.15223
0.2;0.9;2.5;100.1.2.3.txt;0.195695;0.366111;4.14466
0.2;0.9;2.5;100.1.3.1.txt;0.251799;0.241302;6.36031
0.2;0.9;2.5;100.1.3.2.txt;0.636943;0;5.34052
0.2;0.9;2.5;100.1.3.3.txt;1.66667;0.0908971;4.47368
0.2;0.9;2.5;100.2.1.1.txt;-0.0991736;0.0905327;2.90844
0.2;0.9;2.5;100.2.1.2.txt;-0.425532;0.724081;4.29329
0.2;0.9;2.5;100.2.1.3.txt;-0.157729;0;2.44261
0.2;0.9;2.5;100.2.2.1.txt;0.42735;0.40291;6.65625
0.2;0.9;2.5;100.2.2.2.txt;1.4956;0.0655738;4.88237
0.2;0.9;2.5;100.2.2.3.txt;-0.0271739;0.243051;3.51544
0.2;0.9;2.5;100.2.3.1.txt;0.767123;0.394654;5.98026
0.2;0.9;2.5;100.2.3.2.txt;-0.58906;0.0627228;7.21458
0.2;0.9;2.5;100.2.3.3.txt;0.314961;0.401498;4.54935
0.2;0.9;2.5;100.3.1.1.txt;-1.38958;0.268976;6.03475
0.2;0.9;2.5;100.3.1.2.txt;0.0242131;0.198931;4.08793
0.2;0.9;2.5;100.3.1.3.txt;0.669975;0.731905;3.65015
0.2;0.9;2.5;100.3.2.1.txt;0.14359;0.38785;4.28895
0.2;0.9;2.5;100.3.2.2.txt;0.319149;0.744681;5.88184
0.2;0.9;2.5;100.3.2.3.txt;-0.428266;0.185444;4.83752
0.2;0.9;2.5;100.3.3.1.txt;1.94631;0.430322;8.192
0.2;0.9;2.5;100.3.3.2.txt;0.577915;0.187471;6.04467
0.2;0.9;2.5;100.3.3.3.txt;0.397074;0.508701;4.35451
0.2;0.9;5;20.1.1.1.txt;-0.97166;0.543174;0.361303
0.2;0.9;5;20.1.1.2.txt;0;0;0.313728
0.2;0.9;5;20.1.1.3.txt;0;0;0.261314
0.2;0.9;5;20.1.2.1.txt;0;0;0.429104
0.2;0.9;5;20.1.2.2.txt;0;0;0.372187
0.2;0.9;5;20.1.2.3.txt;0;0;0.332504
0.2;0.9;5;20.1.3.1.txt;0;0;0.481903
0.2;0.9;5;20.1.3.2.txt;1.89274;0;0.477328
0.2;0.9;5;20.1.3.3.txt;0;0;0.386406
0.2;0.9;5;20.2.1.1.txt;0;0;0.318869
0.2;0.9;5;20.2.1.2.txt;0;0;0.353451
0.2;0.9;5;20.2.1.3.txt;0;0;0.284702
0.2;0.9;5;20.2.2.1.txt;-0.257732;0;0.499543
0.2;0.9;5;20.2.2.2.txt;0.047619;0.39123;0.461197
0.2;0.9;5;20.2.2.3.txt;0;0;0.496408
0.2;0.9;5;20.2.3.1.txt;-0.679245;0.16876;0.290693
0.2;0.9;5;20.2.3.2.txt;-0.150943;0.33752;0.469681
0.2;0.9;5;20.2.3.3.txt;0;0;0.381392
0.2;0.9;5;20.3.1.1.txt;-0.921409;0.242392;0.418995
0.2;0.9;5;20.3.1.2.txt;0;0;0.353058
0.2;0.9;5;20.3.1.3.txt;-0.358423;0;0.310808
0.2;0.9;5;20.3.2.1.txt;0;0;0.00358712
0.2;0.9;5;20.3.2.2.txt;0;0;0.0256797
0.2;0.9;5;20.3.2.3.txt;-0.18648;0.104246;0.0911335
0.2;0.9;5;20.3.3.1.txt;0;0;0.00137614
0.2;0.9;5;20.3.3.2.txt;0;0;0.00013028
0.2;0.9;5;20.3.3.3.txt;0;0;0.00079244
0.2;0.9;5;50.1.1.1.txt;-0.4914;6.20634e-17;1.25263
0.2;0.9;5;50.1.1.2.txt;0;0;1.00982
0.2;0.9;5;50.1.1.3.txt;0;0;0.690122
0.2;0.9;5;50.1.2.1.txt;0;0;1.51995
0.2;0.9;5;50.1.2.2.txt;0;0;1.19853
0.2;0.9;5;50.1.2.3.txt;0;0;1.05602
0.2;0.9;5;50.1.3.1.txt;0.153453;0.343131;2.13639
0.2;0.9;5;50.1.3.2.txt;0;0;1.90175
0.2;0.9;5;50.1.3.3.txt;-0.566572;0;1.3465
0.2;0.9;5;50.2.1.1.txt;-0.640301;1.20292;1.50859
0.2;0.9;5;50.2.1.2.txt;0;0;1.2093
0.2;0.9;5;50.2.1.3.txt;0;0;1.01892
0.2;0.9;5;50.2.2.1.txt;0;0;1.66503
0.2;0.9;5;50.2.2.2.txt;-1.23894;0;1.83962
0.2;0.9;5;50.2.2.3.txt;0;0;1.9653
0.2;0.9;5;50.2.3.1.txt;0;0;2.46108
0.2;0.9;5;50.2.3.2.txt;0.185529;0;1.85154
0.2;0.9;5;50.2.3.3.txt;-0.410256;0.374511;1.76971
0.2;0.9;5;50.3.1.1.txt;-0.324149;0.114604;1.57457
0.2;0.9;5;50.3.1.2.txt;-1.27841;0.635247;1.51246
0.2;0.9;5;50.3.1.3.txt;-0.552147;0.480137;1.20621
0.2;0.9;5;50.3.2.1.txt;0;0;1.84338
0.2;0.9;5;50.3.2.2.txt;0.682128;0.319947;1.60736
0.2;0.9;5;50.3.2.3.txt;-0.996979;0.13511;1.5043
0.2;0.9;5;50.3.3.1.txt;0.916031;0;2.43153
0.2;0.9;5;50.3.3.2.txt;-0.133333;0.361325;2.16415
0.2;0.9;5;50.3.3.3.txt;-0.231065;0.210933;1.61319
0.2;0.9;5;100.1.1.1.txt;2.01581;0.511549;4.59246
0.2;0.9;5;100.1.1.2.txt;0;0;2.2791
0.2;0.9;5;100.1.1.3.txt;-0.2331;0.2331;3.0818
0.2;0.9;5;100.1.2.1.txt;0.389105;0;5.14424
0.2;0.9;5;100.1.2.2.txt;0.83682;0.467797;2.78699
0.2;0.9;5;100.1.2.3.txt;0.469667;0.428746;3.49369
0.2;0.9;5;100.1.3.1.txt;0;0;6.96666
0.2;0.9;5;100.1.3.2.txt;0.636943;0;5.31216
0.2;0.9;5;100.1.3.3.txt;1.62602;0;5.39075
0.2;0.9;5;100.2.1.1.txt;0.0330579;0.358339;3.55284
0.2;0.9;5;100.2.1.2.txt;-0.182371;0.582684;3.07307
0.2;0.9;5;100.2.1.3.txt;-0.157729;0;2.58776
0.2;0.9;5;100.2.2.1.txt;1.05413;0.312093;5.5082
0.2;0.9;5;100.2.2.2.txt;1.58358;0.0655738;4.27069
0.2;0.9;5;100.2.2.3.txt;-0.163043;0.389071;3.62863
0.2;0.9;5;100.2.3.1.txt;0.767123;0.370117;5.34534
0.2;0.9;5;100.2.3.2.txt;-0.224404;0.427713;6.27528
0.2;0.9;5;100.2.3.3.txt;0.15748;0.401498;3.51378
0.2;0.9;5;100.3.1.1.txt;-0.769231;0.507018;3.49362
0.2;0.9;5;100.3.1.2.txt;0.193705;0.162426;3.58759
0.2;0.9;5;100.3.1.3.txt;0.347395;0.321146;4.05736
0.2;0.9;5;100.3.2.1.txt;0.635897;0.633909;5.59858
0.2;0.9;5;100.3.2.2.txt;-0.170213;0.904568;5.18732
0.2;0.9;5;100.3.2.3.txt;-0.471092;0.0586427;4.27559
0.2;0.9;5;100.3.3.1.txt;1.70022;0.348376;9.01771
0.2;0.9;5;100.3.3.2.txt;0.515996;0.386136;5.42231
0.2;0.9;5;100.3.3.3.txt;-0.0835946;0.400633;4.72702
0.2;0.9;10;20.1.1.1.txt;-0.97166;0.543174;0.470465
0.2;0.9;10;20.1.1.2.txt;0;0;0.31381
0.2;0.9;10;20.1.1.3.txt;0;0;0.274079
0.2;0.9;10;20.1.2.1.txt;0;0;0.432417
0.2;0.9;10;20.1.2.2.txt;0;0;0.370392
0.2;0.9;10;20.1.2.3.txt;0;0;0.327228
0.2;0.9;10;20.1.3.1.txt;0;0;0.485918
0.2;0.9;10;20.1.3.2.txt;1.89274;0;0.4785
0.2;0.9;10;20.1.3.3.txt;0;0;0.37313
0.2;0.9;10;20.2.1.1.txt;0;0;0.320192
0.2;0.9;10;20.2.1.2.txt;0;0;0.350866
0.2;0.9;10;20.2.1.3.txt;0;0;0.282071
0.2;0.9;10;20.2.2.1.txt;-0.257732;0;0.476328
0.2;0.9;10;20.2.2.2.txt;-0.238095;3.10317e-17;0.508635
0.2;0.9;10;20.2.2.3.txt;0;0;0.400522
0.2;0.9;10;20.2.3.1.txt;-0.45283;0.16876;0.446049
0.2;0.9;10;20.2.3.2.txt;-0.301887;0.413376;0.56338
0.2;0.9;10;20.2.3.3.txt;0;0;0.378429
0.2;0.9;10;20.3.1.1.txt;-1.24661;0.242392;0.420945
0.2;0.9;10;20.3.1.2.txt;0;0;0.37301
0.2;0.9;10;20.3.1.3.txt;-0.358423;0;0.325436
0.2;0.9;10;20.3.2.1.txt;0;0;0.002697
0.2;0.9;10;20.3.2.2.txt;0;0;0.0335557
0.2;0.9;10;20.3.2.3.txt;-0.2331;3.10317e-17;0.0825031
0.2;0.9;10;20.3.3.1.txt;0;0;0.00120384
0.2;0.9;10;20.3.3.2.txt;0;0;0.00013104
0.2;0.9;10;20.3.3.3.txt;0;0;0.00110992
0.2;0.9;10;50.1.1.1.txt;-0.4914;6.20634e-17;1.30208
0.2;0.9;10;50.1.1.2.txt;0;0;1.0056
0.2;0.9;10;50.1.1.3.txt;0;0;0.690657
0.2;0.9;10;50.1.2.1.txt;0;0;1.58028
0.2;0.9;10;50.1.2.2.txt;0;0;1.15705
0.2;0.9;10;50.1.2.3.txt;0;0;1.03814
0.2;0.9;10;50.1.3.1.txt;0;0;2.10028
0.2;0.9;10;50.1.3.2.txt;0;0;2.07047
0.2;0.9;10;50.1.3.3.txt;-0.566572;0;1.34107
0.2;0.9;10;50.2.1.1.txt;-1.3936;1.5392;1.55667
0.2;0.9;10;50.2.1.2.txt;0;0;1.17358
0.2;0.9;10;50.2.1.3.txt;-0.188235;0.257752;0.986966
0.2;0.9;10;50.2.2.1.txt;0;0;1.9244
0.2;0.9;10;50.2.2.2.txt;-1.02655;0.290826;1.45812
0.2;0.9;10;50.2.2.3.txt;0.0718133;0.160579;1.77217
0.2;0.9;10;50.2.3.1.txt;0;0;2.59683
0.2;0.9;10;50.2.3.2.txt;-0.111317;0.406473;2.276
0.2;0.9;10;50.2.3.3.txt;-0.547009;0.305787;1.44154
0.2;0.9;10;50.3.1.1.txt;-0.324149;0;1.8056
0.2;0.9;10;50.3.1.2.txt;-1.25;0.698771;1.70639
0.2;0.9;10;50.3.1.3.txt;-0.705521;0.137182;1.53787
0.2;0.9;10;50.3.2.1.txt;0;0;1.76167
0.2;0.9;10;50.3.2.2.txt;0.572988;0.549103;1.85161
0.2;0.9;10;50.3.2.3.txt;-0.725076;0.248213;1.21293
0.2;0.9;10;50.3.3.1.txt;0.732824;0.330984;3.8303
0.2;0.9;10;50.3.3.2.txt;-0.2;0.273861;2.39873
0.2;0.9;10;50.3.3.3.txt;-0.308087;0.172226;1.89598
0.2;0.9;10;100.1.1.1.txt;1.5415;1.05874;5.49667
0.2;0.9;10;100.1.1.2.txt;0;0;2.22456
0.2;0.9;10;100.1.1.3.txt;-0.32634;0.208491;2.40204
0.2;0.9;10;100.1.2.1.txt;0.389105;0;5.22465
0.2;0.9;10;100.1.2.2.txt;0.83682;0.467797;4.00991
0.2;0.9;10;100.1.2.3.txt;0.0782779;0.381479;3.75662
0.2;0.9;10;100.1.3.1.txt;0.0359712;0.0804341;7.21558
0.2;0.9;10;100.1.3.2.txt;0.679406;0.0949498;4.91918
0.2;0.9;10;100.1.3.3.txt;1.78862;0.265008;4.49728
0.2;0.9;10;100.2.1.1.txt;-0.0991736;0.0905327;4.13688
0.2;0.9;10;100.2.1.2.txt;-0.273556;0.84206;3.89263
0.2;0.9;10;100.2.1.3.txt;-0.157729;0;2.22834
0.2;0.9;10;100.2.2.1.txt;0.968661;0.487254;4.48596
0.2;0.9;10;100.2.2.2.txt;1.4956;0.0655738;3.75171
0.2;0.9;10;100.2.2.3.txt;-0.108696;0.412113;3.43335
0.2;0.9;10;100.2.3.1.txt;0.739726;0.439639;5.8349
0.2;0.9;10;100.2.3.2.txt;-0.58906;0.153639;7.15076
0.2;0.9;10;100.2.3.3.txt;0.220472;0.326558;4.52038
0.2;0.9;10;100.3.1.1.txt;-1.067;0.552074;5.2496
0.2;0.9;10;100.3.1.2.txt;0.217918;0.324852;4.07203
0.2;0.9;10;100.3.1.3.txt;0.694789;0.660022;3.26147
0.2;0.9;10;100.3.2.1.txt;-0.0820513;0.0858113;4.82931
0.2;0.9;10;100.3.2.2.txt;0.148936;1.15708;5.84502
0.2;0.9;10;100.3.2.3.txt;-0.149893;0.574578;4.43402
0.2;0.9;10;100.3.3.1.txt;1.76734;0.348376;9.32301
0.2;0.9;10;100.3.3.2.txt;0.495356;0.337573;5.11885
0.2;0.9;10;100.3.3.3.txt;0.188088;0.289957;6.97816
